"Season","Sector","Category","Crop","QueryType","StateName","DistrictName","BlockName","CreatedOn"
"0","AGRICULTURE","0","0","Weather","MAHARASHTRA","BEED","SHIRUR ( KA )","2019-01-01T09:20:35.18"
"0","AGRICULTURE","Others","Others","Government Schemes","MAHARASHTRA","BEED","PARALI  V .","2019-01-01T10:48:30.023"
"0","AGRICULTURE","Others","Others","Government Schemes","MAHARASHTRA","BEED","MAJALGAON","2019-01-01T11:13:56.87"
"0","HORTICULTURE","Fruits","Pomegranate","	Plant Protection	","MAHARASHTRA","BEED","KAIJ","2019-01-01T11:20:41.913"
"0","AGRICULTURE","Others","Others","Government Schemes","MAHARASHTRA","BEED","PARALI  V .","2019-01-01T11:33:06.063"
"0","HORTICULTURE","Fruits","Custard Apple","	Plant Protection	","MAHARASHTRA","BEED","GEORAI","2019-01-01T11:54:38.623"
"0","HORTICULTURE","Vegetables","Onion","Fertilizer Use and Availability","MAHARASHTRA","BEED","DHARUR","2019-01-01T12:13:27.863"
"0","AGRICULTURE","Others","Others","Market Information","MAHARASHTRA","BEED","DHARUR","2019-01-01T12:54:15.78"
"0","AGRICULTURE","Others","Others","Market Information","MAHARASHTRA","BEED","BEED","2019-01-01T13:25:02.213"
"0","AGRICULTURE","Fruits","Banana","Market Information","MAHARASHTRA","BEED","BEED","2019-01-01T13:27:54.97"
"0","AGRICULTURE","Others","Others","Government Schemes","MAHARASHTRA","BEED","GEORAI","2019-01-01T13:44:04.513"
"0","AGRICULTURE","Fiber Crops","Cotton (Kapas)","Market Information","MAHARASHTRA","BEED","GEORAI","2019-01-01T14:16:40.91"
"0","AGRICULTURE","Others","0","Weather","MAHARASHTRA","BEED","MAJALGAON","2019-01-01T14:27:35.617"
"0","AGRICULTURE","Cereals","Wheat","	Plant Protection	","MAHARASHTRA","BEED","MAJALGAON","2019-01-01T14:33:50.647"
"0","AGRICULTURE","Others","Others","Weather","MAHARASHTRA","BEED","DHARUR","2019-01-01T14:40:27.703"
"0","AGRICULTURE","Others","Others","Weather","MAHARASHTRA","BEED","GEORAI","2019-01-01T14:53:11.18"
"0","AGRICULTURE","Others","Others","Weather","MAHARASHTRA","BEED","KAIJ","2019-01-01T15:18:55.467"
"0","AGRICULTURE","Condiments and Spices","Ginger","Market Information","MAHARASHTRA","BEED","GEORAI","2019-01-01T15:26:18.36"
"0","AGRICULTURE","Sugar and Starch Crops","Sugarcane (Noble Cane)","	Plant Protection	","MAHARASHTRA","BEED","GEORAI","2019-01-01T16:02:22.007"
"0","HORTICULTURE","Vegetables","Brinjal","	Plant Protection	","MAHARASHTRA","BEED","PARALI  V .","2019-01-01T16:22:05.46"
"0","HORTICULTURE","Vegetables","Tomato","	Plant Protection	","MAHARASHTRA","BEED","PATODA","2019-01-01T16:22:50.793"
"0","HORTICULTURE","Vegetables","Brinjal","Fertilizer Use and Availability","MAHARASHTRA","BEED","PARALI  V .","2019-01-01T16:26:15.453"
"0","AGRICULTURE","Others","Others","Weather","MAHARASHTRA","BEED","SHIRUR ( KA )","2019-01-01T16:34:37.36"
"0","HORTICULTURE","Vegetables","Brinjal","Bio-Pesticides and Bio-Fertilizers","MAHARASHTRA","BEED","PARALI  V .","2019-01-01T16:42:10.393"
"0","AGRICULTURE","Others","Others","Government Schemes","MAHARASHTRA","BEED","DHARUR","2019-01-01T16:52:10.787"
"0","AGRICULTURE","Others","Others","Organic Farming","MAHARASHTRA","BEED","GEORAI","2019-01-01T17:02:31.1"
"0","AGRICULTURE","Others","Others","Weather","MAHARASHTRA","BEED","GEORAI","2019-01-01T17:13:25.53"
"0","AGRICULTURE","Sugar and Starch Crops","Sugarcane (Noble Cane)","Fertilizer Use and Availability","MAHARASHTRA","BEED","MAJALGAON","2019-01-01T17:31:48.063"
"0","AGRICULTURE","Others","Others","Weather","MAHARASHTRA","BEED","SHIRUR ( KA )","2019-01-01T17:45:25.987"
"0","AGRICULTURE","Others","Others","Organic Farming","MAHARASHTRA","BEED","SHIRUR ( KA )","2019-01-01T18:03:04.34"
"0","HORTICULTURE","Fruits","Sapota","Cultural Practices","MAHARASHTRA","BEED","BEED","2019-01-01T18:36:16.633"
"0","AGRICULTURE","Millets","Pearl Millet (Bajra/Bulrush Millet/Spiked Millet)","Market Information","MAHARASHTRA","BEED","GEORAI","2019-01-01T19:35:26.087"
"0","AGRICULTURE","Others","Others","Weather","MAHARASHTRA","BEED","PARALI  V .","2019-01-01T19:51:38.17"
"0","AGRICULTURE","Others","Others","Market Information","MAHARASHTRA","BEED","PATODA","2019-01-01T20:25:37.377"
"0","HORTICULTURE","Vegetables","Tomato","	Plant Protection	","MAHARASHTRA","BEED","GEORAI","2019-01-02T09:33:03.503"
"0","AGRICULTURE","Others","Others","Crop Insurance","MAHARASHTRA","BEED","PATODA","2019-01-02T10:43:38.57"
"0","AGRICULTURE","Others","Others","Government Schemes","MAHARASHTRA","BEED","AMBAJOGAI","2019-01-02T12:05:34.967"
"0","AGRICULTURE","Others","Others","Cultural Practices","MAHARASHTRA","BEED","PARALI  V .","2019-01-02T12:50:49.163"
"0","HORTICULTURE","Fruits","Banana","	Plant Protection	","MAHARASHTRA","BEED","GEORAI","2019-01-02T12:55:48.39"
"0","AGRICULTURE","Others","Others","Market Information","MAHARASHTRA","BEED","GEORAI","2019-01-02T13:30:03.76"
"0","AGRICULTURE","Others","Others","Market Information","MAHARASHTRA","BEED","BEED","2019-01-02T13:50:43.37"
"0","HORTICULTURE","Fruits","Papaya","Vegetative Propagation and Tissue Culture","MAHARASHTRA","BEED","GEORAI","2019-01-02T13:58:06.03"
"0","AGRICULTURE","Others","Others","Weather","MAHARASHTRA","BEED","PATODA","2019-01-02T14:10:06.793"
"0","AGRICULTURE","Others","Others","Market Information","MAHARASHTRA","BEED","SHIRUR ( KA )","2019-01-02T14:43:43.707"
"0","HORTICULTURE","Fruits","Acid Lime","Fertilizer Use and Availability","MAHARASHTRA","BEED","MAJALGAON","2019-01-02T14:45:27.917"
"0","AGRICULTURE","Others","Others","Government Schemes","MAHARASHTRA","BEED","GEORAI","2019-01-02T15:10:29.253"
"0","HORTICULTURE","Vegetables","Chillies","Fertilizer Use and Availability","MAHARASHTRA","BEED","MAJALGAON","2019-01-02T15:14:20.043"
"0","AGRICULTURE","Others","Others","Weather","MAHARASHTRA","BEED","BEED","2019-01-02T15:50:23.023"
"0","ANIMAL HUSBANDRY","Animal","Bovine(Cow,Buffalo)","Dairy Production","MAHARASHTRA","BEED","GEORAI","2019-01-02T15:53:29.633"
"0","AGRICULTURE","Others","Others","Weather","MAHARASHTRA","BEED","BEED","2019-01-02T16:04:10.96"
"0","HORTICULTURE","Vegetables","Onion","Fertilizer Use and Availability","MAHARASHTRA","BEED","ASHTI","2019-01-02T17:53:10.66"
"0","HORTICULTURE","Vegetables","Bhindi(Okra/Ladysfinger)","Fertilizer Use and Availability","MAHARASHTRA","BEED","PARALI  V .","2019-01-02T18:04:49.707"
"0","HORTICULTURE","Fruits","Musk Melon","Seeds and Planting Material","MAHARASHTRA","BEED","PARALI  V .","2019-01-02T18:14:12.33"
"0","HORTICULTURE","Vegetables","Brinjal","	Plant Protection	","MAHARASHTRA","BEED","BEED","2019-01-02T18:36:17.76"
"0","AGRICULTURE","Others","Others","Organic Farming","MAHARASHTRA","BEED","GEORAI","2019-01-02T19:18:41.243"
"0","HORTICULTURE","Vegetables","Onion","	Plant Protection	","MAHARASHTRA","BEED","GEORAI","2019-01-02T19:24:27.227"
"0","AGRICULTURE","Others","Others","Weather","MAHARASHTRA","BEED","BEED","2019-01-02T20:15:55.69"
"0","AGRICULTURE","Others","Others","Weather","MAHARASHTRA","BEED","PARALI  V .","2019-01-02T21:29:32.877"
"0","AGRICULTURE","Others","Others","Weather","MAHARASHTRA","BEED","BEED","2019-01-02T21:41:19.57"
"0","AGRICULTURE","Sugar and Starch Crops","Sugarcane (Noble Cane)","Fertilizer Use and Availability","MAHARASHTRA","BEED","0   ","2019-01-03T09:23:47.65"
"0","HORTICULTURE","Vegetables","Tomato","	Plant Protection	","MAHARASHTRA","BEED","BEED","2019-01-03T09:47:44.25"
"0","HORTICULTURE","Vegetables","Chillies","Fertilizer Use and Availability","MAHARASHTRA","BEED","GEORAI","2019-01-03T11:13:13.743"
"0","AGRICULTURE","Oilseeds","Groundnut (pea nut/mung phalli)","Varieties","MAHARASHTRA","BEED","AMBAJOGAI","2019-01-03T12:08:39.79"
"0","AGRICULTURE","Others","Others","Weather","MAHARASHTRA","BEED","GEORAI","2019-01-03T12:46:01.58"
"0","AGRICULTURE","Fiber Crops","Cotton (Kapas)","Market Information","MAHARASHTRA","BEED","ASHTI","2019-01-03T13:20:12.687"
"0","HORTICULTURE","Fruits","Mango","	Plant Protection	","MAHARASHTRA","BEED","AMBAJOGAI","2019-01-03T13:41:43.64"
"0","AGRICULTURE","Others","Others","Weather","MAHARASHTRA","BEED","ASHTI","2019-01-03T13:49:20.48"
"0","AGRICULTURE","Others","Others","Crop Insurance","MAHARASHTRA","BEED","PARALI  V .","2019-01-03T14:00:28.543"
"0","AGRICULTURE","Others","Others","Weather","MAHARASHTRA","BEED","GEORAI","2019-01-03T14:19:44.337"
"0","HORTICULTURE","Vegetables","Cabbage","	Plant Protection	","MAHARASHTRA","BEED","PARALI  V .","2019-01-03T14:41:44.637"
"0","AGRICULTURE","Fiber Crops","Cotton (Kapas)","	Plant Protection	","MAHARASHTRA","BEED","MAJALGAON","2019-01-03T15:06:17.067"
"0","AGRICULTURE","Others","Others","Weather","MAHARASHTRA","BEED","ASHTI","2019-01-03T15:27:12.827"
"0","HORTICULTURE","Fruits","Pomegranate","	Plant Protection	","MAHARASHTRA","BEED","ASHTI","2019-01-03T15:30:19.187"
"0","HORTICULTURE","Fruits","Papaya","	Plant Protection	","MAHARASHTRA","BEED","GEORAI","2019-01-03T16:09:24.283"
"0","AGRICULTURE","Others","Others","Crop Insurance","MAHARASHTRA","BEED","ASHTI","2019-01-03T16:50:17.27"
"0","AGRICULTURE","Millets","Sorghum (Jowar/Great Millet)","	Plant Protection	","MAHARASHTRA","BEED","KAIJ","2019-01-03T17:42:29.15"
"0","AGRICULTURE","Fruits","Papaya","Market Information","MAHARASHTRA","BEED","PARALI  V .","2019-01-03T20:25:32.437"
"0","AGRICULTURE","Others","Others","Weather","MAHARASHTRA","BEED","WADWANI","2019-01-04T08:33:16.37"
"0","AGRICULTURE","Others","Others","Weather","MAHARASHTRA","BEED","WADWANI","2019-01-04T08:39:53.147"
"0","AGRICULTURE","Fiber Crops","Cotton (Kapas)","Market Information","MAHARASHTRA","BEED","WADWANI","2019-01-04T08:41:42.863"
"0","AGRICULTURE","Others","Others","Market Information","MAHARASHTRA","BEED","WADWANI","2019-01-04T08:46:53.543"
"0","HORTICULTURE","Fruits","Banana","Government Schemes","MAHARASHTRA","BEED","ASHTI","2019-01-04T08:47:19.657"
"0","HORTICULTURE","Vegetables","Cucumber","Nutrient Management","MAHARASHTRA","BEED","WADWANI","2019-01-04T09:28:40.1"
"0","AGRICULTURE","Others","Others","Training and Exposure Visits","MAHARASHTRA","BEED","GEORAI","2019-01-04T09:45:05.54"
"0","AGRICULTURE","Others","Others","Weather","MAHARASHTRA","BEED","WADWANI","2019-01-04T09:55:34.697"
"0","AGRICULTURE","Others","Others","Government Schemes","MAHARASHTRA","BEED","WADWANI","2019-01-04T10:39:32.36"
"0","HORTICULTURE","Vegetables","Cucumber","Fertilizer Use and Availability","MAHARASHTRA","BEED","WADWANI","2019-01-04T12:51:19.373"
"0","AGRICULTURE","Others","Others","Weather","MAHARASHTRA","BEED","ASHTI","2019-01-04T13:12:28.8"
"0","HORTICULTURE","Fruits","Mango","	Plant Protection	","MAHARASHTRA","BEED","PATODA","2019-01-04T13:30:00.383"
"0","HORTICULTURE","Fruits","Mango","	Plant Protection	","MAHARASHTRA","BEED","WADWANI","2019-01-04T13:40:03.91"
"0","AGRICULTURE","Others","Others","Government Schemes","MAHARASHTRA","BEED","PARALI  V .","2019-01-04T13:53:27.84"
"0","FISHERIES","Marine","Marine","Tank, Pond and Reservoir Management","MAHARASHTRA","BEED","PARALI  V .","2019-01-04T14:05:05.013"
"0","AGRICULTURE","Others","Others","Government Schemes","MAHARASHTRA","BEED","BEED","2019-01-04T15:06:37.427"
"0","AGRICULTURE","Millets","Maize (Makka)","	Plant Protection	","MAHARASHTRA","BEED","WADWANI","2019-01-04T15:42:05.767"
"0","AGRICULTURE","Others","Others","Government Schemes","MAHARASHTRA","BEED","ASHTI","2019-01-04T15:55:17.23"
"0","AGRICULTURE","Vegetables","Onion","Market Information","MAHARASHTRA","BEED","BEED","2019-01-04T16:42:53.64"
"0","AGRICULTURE","Others","Others","Market Information","MAHARASHTRA","BEED","ASHTI","2019-01-04T16:49:04.897"
"0","HORTICULTURE","Vegetables","Potato","Nutrient Management","MAHARASHTRA","BEED","MAJALGAON","2019-01-04T16:51:26.907"
"0","AGRICULTURE","Others","Others","Market Information","MAHARASHTRA","BEED","ASHTI","2019-01-04T16:54:07.667"
"0","AGRICULTURE","Others","Others","Weather","MAHARASHTRA","BEED","BEED","2019-01-04T19:53:15.817"
"0","HORTICULTURE","Vegetables","Onion","Fertilizer Use and Availability","MAHARASHTRA","BEED","ASHTI","2019-01-04T20:03:29.157"
"0","AGRICULTURE","Others","Others","Market Information","MAHARASHTRA","BEED","GEORAI","2019-01-04T20:43:58.23"
"0","AGRICULTURE","Others","Others","Government Schemes","MAHARASHTRA","BEED","AMBAJOGAI","2019-01-05T07:21:37.48"
"0","AGRICULTURE","Pulses","Pigeon pea (red gram/arhar/tur)","	Plant Protection	","MAHARASHTRA","BEED","AMBAJOGAI","2019-01-05T08:31:53.36"
"0","AGRICULTURE","Others","Others","Crop Insurance","MAHARASHTRA","BEED","GEORAI","2019-01-05T09:10:32.673"
"0","AGRICULTURE","Others","Others","Weather","MAHARASHTRA","BEED","WADWANI","2019-01-05T09:17:12.43"
"0","AGRICULTURE","Others","Others","Weather","MAHARASHTRA","BEED","GEORAI","2019-01-05T10:39:23.333"
"0","AGRICULTURE","Others","Others","Government Schemes","MAHARASHTRA","BEED","GEORAI","2019-01-05T10:56:03.233"
"0","HORTICULTURE","Fruits","Mango","	Plant Protection	","MAHARASHTRA","BEED","AMBAJOGAI","2019-01-05T12:14:10.177"
"0","AGRICULTURE","Fiber Crops","Jute","	Plant Protection	","MAHARASHTRA","BEED","GEORAI","2019-01-05T12:42:46.067"
"0","AGRICULTURE","Others","Others","Organic Farming","MAHARASHTRA","BEED","GEORAI","2019-01-06T18:11:08.217"
"0","HORTICULTURE","Fruits","Banana","	Plant Protection	","MAHARASHTRA","BEED","GEORAI","2019-01-06T18:59:55.937"
"0","HORTICULTURE","Vegetables","Onion","	Plant Protection	","MAHARASHTRA","BEED","SHIRUR ( KA )","2019-01-07T07:06:23.113"
"0","HORTICULTURE","Vegetables","Tomato","	Plant Protection	","MAHARASHTRA","BEED","PARALI  V .","2019-01-07T08:11:47.923"
"0","HORTICULTURE","Fruits","Banana","Government Schemes","MAHARASHTRA","BEED","BEED","2019-01-07T08:59:31.12"
"0","AGRICULTURE","Others","Others","Seeds","MAHARASHTRA","BEED","ASHTI","2019-01-07T09:08:01.403"
"0","HORTICULTURE","Vegetables","Bhindi(Okra/Ladysfinger)","	Plant Protection	","MAHARASHTRA","BEED","WADWANI","2019-01-07T09:26:26.65"
"0","HORTICULTURE","Fruits","Mango","	Plant Protection	","MAHARASHTRA","BEED","PATODA","2019-01-07T09:31:06.1"
"0","AGRICULTURE","Others","Others","Government Schemes","MAHARASHTRA","BEED","BEED","2019-01-07T09:49:31.38"
"0","HORTICULTURE","Vegetables","Onion","	Plant Protection	","MAHARASHTRA","BEED","GEORAI","2019-01-07T09:53:11.047"
"0","HORTICULTURE","Fruits","Lemon","Nutrient Management","MAHARASHTRA","BEED","0   ","2019-01-07T09:59:27.95"
"0","AGRICULTURE","Fiber Crops","Cotton (Kapas)","Market Information","MAHARASHTRA","BEED","BEED","2019-01-07T10:11:31.94"
"0","ANIMAL HUSBANDRY","Animal","POULTRY  FARM ","Credit","MAHARASHTRA","BEED","BEED","2019-01-07T10:27:46.007"
"0","AGRICULTURE","Others","Others","Organic Farming","MAHARASHTRA","BEED","BEED","2019-01-07T10:28:18.22"
"0","AGRICULTURE","Others","Others","Market Information","MAHARASHTRA","BEED","ASHTI","2019-01-07T10:39:28.003"
"0","HORTICULTURE","Fruits","Mosambi","Fertilizer Use and Availability","MAHARASHTRA","BEED","GEORAI","2019-01-07T11:38:10.747"
"0","AGRICULTURE","Others","Others","Government Schemes","MAHARASHTRA","BEED","DHARUR","2019-01-07T11:47:12.343"
"0","ANIMAL HUSBANDRY","Animal","Bovine(Cow,Buffalo)","Animal Nutrition","MAHARASHTRA","BEED","BEED","2019-01-07T11:58:30.453"
"0","AGRICULTURE","Sugar and Starch Crops","Sugarcane (Noble Cane)","Fertilizer Use and Availability","MAHARASHTRA","BEED","GEORAI","2019-01-07T11:59:35.307"
"0","AGRICULTURE","Others","Others","Market Information","MAHARASHTRA","BEED","PARALI  V .","2019-01-07T12:13:20.06"
"0","AGRICULTURE","Others","Others","Weather","MAHARASHTRA","BEED","PARALI  V .","2019-01-07T12:21:28.27"
"0","AGRICULTURE","Others","Others","Government Schemes","MAHARASHTRA","BEED","PARALI  V .","2019-01-07T12:32:19.05"
"0","HORTICULTURE","Vegetables","Chillies","	Plant Protection	","MAHARASHTRA","BEED","MAJALGAON","2019-01-07T13:00:25.91"
"0","AGRICULTURE","Others","Others","Market Information","MAHARASHTRA","BEED","PARALI  V .","2019-01-07T13:06:27.35"
"0","AGRICULTURE","Others","Others","Market Information","MAHARASHTRA","BEED","ASHTI","2019-01-07T13:42:38.597"
"0","AGRICULTURE","Sugar and Starch Crops","Sugarcane (Noble Cane)","	Plant Protection	","MAHARASHTRA","BEED","GEORAI","2019-01-07T14:34:52.507"
"0","AGRICULTURE","Others","Others","Weather","MAHARASHTRA","BEED","MAJALGAON","2019-01-07T14:41:50.17"
"0","HORTICULTURE","Vegetables","Bhindi(Okra/Ladysfinger)","Seeds and Planting Material","MAHARASHTRA","BEED","BEED","2019-01-07T14:42:19.017"
"0","AGRICULTURE","Fiber Crops","Cotton (Kapas)","Market Information","MAHARASHTRA","BEED","BEED","2019-01-07T15:48:19.963"
"0","HORTICULTURE","Fruits","Pomegranate","Fertilizer Use and Availability","MAHARASHTRA","BEED","BEED","2019-01-07T15:54:11.11"
"0","AGRICULTURE","Others","Others","Government Schemes","MAHARASHTRA","BEED","BEED","2019-01-07T15:56:47.96"
"0","AGRICULTURE","Others","0","Weather","MAHARASHTRA","BEED","MAJALGAON","2019-01-07T16:34:12.653"
"0","HORTICULTURE","Fruits","Mango","	Plant Protection	","MAHARASHTRA","BEED","GEORAI","2019-01-07T16:36:02.993"
"0","HORTICULTURE","Vegetables","Bhindi(Okra/Ladysfinger)","Seeds and Planting Material","MAHARASHTRA","BEED","BEED","2019-01-07T17:12:36.873"
"0","AGRICULTURE","Others","Others","Bio-Pesticides and Bio-Fertilizers","MAHARASHTRA","BEED","GEORAI","2019-01-07T17:13:28.217"
"0","HORTICULTURE","Condiments and Spices","Ginger","Seeds and Planting Material","MAHARASHTRA","BEED","BEED","2019-01-07T17:45:21.713"
"0","AGRICULTURE","Fiber Crops","Cotton (Kapas)","Market Information","MAHARASHTRA","BEED","GEORAI","2019-01-07T18:09:16.19"
"0","AGRICULTURE","Sugar and Starch Crops","Sugarcane (Noble Cane)","Nutrient Management","MAHARASHTRA","BEED","MAJALGAON","2019-01-07T18:17:34.947"
"0","AGRICULTURE","Sugar and Starch Crops","Sugarcane (Noble Cane)","	Plant Protection	","MAHARASHTRA","BEED","BEED","2019-01-07T19:03:56.1"
"0","AGRICULTURE","Sugar and Starch Crops","Sugarcane (Noble Cane)","	Plant Protection	","MAHARASHTRA","BEED","BEED","2019-01-07T19:05:27.783"
"0","ANIMAL HUSBANDRY","Animal","Bovine(Cow,Buffalo)","Disease Reporting","MAHARASHTRA","BEED","GEORAI","2019-01-07T19:26:19.627"
"0","AGRICULTURE","Others","Others","Weather","MAHARASHTRA","BEED","PARALI  V .","2019-01-07T21:39:43.737"
"0","AGRICULTURE","Others","Others","Weather","MAHARASHTRA","BEED","PARALI  V .","2019-01-07T21:42:59.253"
"0","AGRICULTURE","Others","Others","Crop Insurance","MAHARASHTRA","BEED","ASHTI","2019-01-08T12:35:46.823"
"0","AGRICULTURE","Condiments and Spices","Coriander","Market Information","MAHARASHTRA","BEED","BEED","2019-01-08T12:38:52.53"
"0","AGRICULTURE","Fiber Crops","Cotton (Kapas)","Market Information","MAHARASHTRA","BEED","GEORAI","2019-01-08T12:41:37.983"
"0","AGRICULTURE","Others","Others","Market Information","MAHARASHTRA","BEED","GEORAI","2019-01-08T12:54:15.457"
"0","AGRICULTURE","Others","Others","Market Information","MAHARASHTRA","BEED","GEORAI","2019-01-08T12:57:59.133"
"0","AGRICULTURE","Vegetables","Tomato","Market Information","MAHARASHTRA","BEED","BEED","2019-01-08T13:20:47.947"
"0","HORTICULTURE","Vegetables","Brinjal","	Plant Protection	","MAHARASHTRA","BEED","BEED","2019-01-08T13:47:58.863"
"0","AGRICULTURE","Others","Others","Weather","MAHARASHTRA","BEED","DHARUR","2019-01-08T17:29:19.547"
"0","AGRICULTURE","Fodder Crops","fodder sorghum","Fertilizer Use and Availability","MAHARASHTRA","BEED","MAJALGAON","2019-01-08T18:23:02.5"
"0","AGRICULTURE","Others","Others","Government Schemes","MAHARASHTRA","BEED","BEED","2019-01-09T08:40:53.027"
"0","AGRICULTURE","Millets","Maize (Makka)","	Plant Protection	","MAHARASHTRA","BEED","PARALI  V .","2019-01-09T09:33:36.26"
"0","HORTICULTURE","Vegetables","Onion","Fertilizer Use and Availability","MAHARASHTRA","BEED","ASHTI","2019-01-09T11:44:52.013"
"0","AGRICULTURE","Others","Others","Weather","MAHARASHTRA","BEED","PARALI  V .","2019-01-09T11:45:15.677"
"0","AGRICULTURE","Others","Others","Government Schemes","MAHARASHTRA","BEED","BEED","2019-01-09T12:17:38.44"
"0","AGRICULTURE","Pulses","Bengal Gram (Gram/Chick Pea/Kabuli/Chana)","	Plant Protection	","MAHARASHTRA","BEED","MAJALGAON","2019-01-09T13:22:22.47"
"0","AGRICULTURE","Sugar and Starch Crops","Sugarcane (Noble Cane)","Training and Exposure Visits","MAHARASHTRA","BEED","GEORAI","2019-01-09T13:27:05.35"
"0","HORTICULTURE","Vegetables","Cauliflower","Fertilizer Use and Availability","MAHARASHTRA","BEED","BEED","2019-01-09T13:27:55.86"
"0","AGRICULTURE","Others","Others","Weather","MAHARASHTRA","BEED","BEED","2019-01-09T13:34:08.897"
"0","AGRICULTURE","Cereals","Wheat","Fertilizer Use and Availability","MAHARASHTRA","BEED","WADWANI","2019-01-09T13:34:47.133"
"0","AGRICULTURE","Cereals","Wheat","Nutrient Management","MAHARASHTRA","BEED","WADWANI","2019-01-09T13:43:56.993"
"0","HORTICULTURE","Vegetables","Cauliflower","Fertilizer Use and Availability","MAHARASHTRA","BEED","BEED","2019-01-09T13:53:52.207"
"0","HORTICULTURE","Fruits","Lemon","	Plant Protection	","MAHARASHTRA","BEED","AMBAJOGAI","2019-01-09T14:13:39.107"
"0","HORTICULTURE","Vegetables","Watermelon","Cultural Practices","MAHARASHTRA","BEED","PARALI  V .","2019-01-09T14:17:38.023"
"0","AGRICULTURE","Others","Others","Government Schemes","MAHARASHTRA","BEED","PATODA","2019-01-09T17:22:20.74"
"0","AGRICULTURE","0","0","Market Information","MAHARASHTRA","BEED","BEED","2019-01-09T18:37:50.777"
"0","AGRICULTURE","Fiber Crops","Cotton (Kapas)","Market Information","MAHARASHTRA","BEED","GEORAI","2019-01-09T19:30:39.393"
"0","HORTICULTURE","Vegetables","Tomato","	Plant Protection	","MAHARASHTRA","BEED","BEED","2019-01-09T20:15:19.333"
"0","AGRICULTURE","Others","Others","Government Schemes","MAHARASHTRA","BEED","AMBAJOGAI","2019-01-09T20:26:03.61"
"0","HORTICULTURE","Fruits","Melon","Fertilizer Use and Availability","MAHARASHTRA","BEED","WADWANI","2019-01-09T20:51:55.68"
"0","AGRICULTURE","Others","Others","Weather","MAHARASHTRA","BEED","MAJALGAON","2019-01-09T21:22:19.57"
"0","AGRICULTURE","Others","Others","Weather","MAHARASHTRA","BEED","BEED","2019-01-10T08:59:35.27"
"0","HORTICULTURE","Vegetables","Bottle Gourd ","	Plant Protection	","MAHARASHTRA","BEED","PARALI  V .","2019-01-10T09:28:36.383"
"0","AGRICULTURE","Others","Others","Weather","MAHARASHTRA","BEED","GEORAI","2019-01-10T09:41:38.38"
"0","AGRICULTURE","Others","Others","Weather","MAHARASHTRA","BEED","MAJALGAON","2019-01-10T12:08:07.493"
"0","AGRICULTURE","Others","Others","Government Schemes","MAHARASHTRA","BEED","BEED","2019-01-10T12:27:28.64"
"0","HORTICULTURE","Vegetables","Watermelon","Seeds and Planting Material","MAHARASHTRA","BEED","PARALI  V .","2019-01-10T12:42:21.69"
"0","AGRICULTURE","Fiber Crops","Cotton (Kapas)","Market Information","MAHARASHTRA","BEED","MAJALGAON","2019-01-10T12:47:08.237"
"0","AGRICULTURE","Oilseeds","Soybean (bhat)","Market Information","MAHARASHTRA","BEED","AMBAJOGAI","2019-01-10T13:40:36.153"
"0","AGRICULTURE","Others","Others","Weather","MAHARASHTRA","BEED","BEED","2019-01-10T14:55:33.35"
"0","AGRICULTURE","Others","Others","Weather","MAHARASHTRA","BEED","BEED","2019-01-10T14:55:33.35"
"0","AGRICULTURE","Others","Others","Weather","MAHARASHTRA","BEED","BEED","2019-01-10T14:55:33.35"
"0","AGRICULTURE","Others","Others","Weather","MAHARASHTRA","BEED","BEED","2019-01-10T14:55:33.35"
"0","AGRICULTURE","Others","Others","Weather","MAHARASHTRA","BEED","BEED","2019-01-10T14:55:33.35"
"0","AGRICULTURE","Others","Others","Weather","MAHARASHTRA","BEED","BEED","2019-01-10T14:55:33.35"
"0","AGRICULTURE","Others","Others","Weather","MAHARASHTRA","BEED","BEED","2019-01-10T14:55:33.447"
"0","AGRICULTURE","Others","Others","Weather","MAHARASHTRA","BEED","BEED","2019-01-10T14:55:33.447"
"0","AGRICULTURE","Others","Others","Weather","MAHARASHTRA","BEED","BEED","2019-01-10T14:55:33.46"
"0","AGRICULTURE","Others","Others","Weather","MAHARASHTRA","BEED","BEED","2019-01-10T14:55:33.477"
"0","AGRICULTURE","Others","Others","Weather","MAHARASHTRA","BEED","BEED","2019-01-10T14:55:33.477"
"0","AGRICULTURE","Others","Others","Weather","MAHARASHTRA","BEED","BEED","2019-01-10T14:55:33.493"
"0","AGRICULTURE","Others","Others","Weather","MAHARASHTRA","BEED","BEED","2019-01-10T14:55:33.523"
"0","AGRICULTURE","Others","Others","Weather","MAHARASHTRA","BEED","BEED","2019-01-10T14:55:33.54"
"0","AGRICULTURE","Others","Others","Weather","MAHARASHTRA","BEED","BEED","2019-01-10T14:55:33.54"
"0","AGRICULTURE","Others","Others","Cultural Practices","MAHARASHTRA","BEED","GEORAI","2019-01-10T15:14:44.713"
"0","AGRICULTURE","Pulses","Bengal Gram (Gram/Chick Pea/Kabuli/Chana)","	Water Management	","MAHARASHTRA","BEED","AMBAJOGAI","2019-01-10T16:53:40.613"
"0","AGRICULTURE","Others","Others","Bio-Pesticides and Bio-Fertilizers","MAHARASHTRA","BEED","AMBAJOGAI","2019-01-10T17:02:20.113"
"0","HORTICULTURE","Fruits","Mosambi","Cultural Practices","MAHARASHTRA","BEED","GEORAI","2019-01-10T17:27:52.73"
"0","AGRICULTURE","Others","Others","Weather","MAHARASHTRA","BEED","AMBAJOGAI","2019-01-10T18:14:34.29"
"0","HORTICULTURE","Condiments and Spices","Turmeric","Water Management, Micro Irrigation","MAHARASHTRA","BEED","BEED","2019-01-10T18:46:46.383"
"0","AGRICULTURE","Others","Others","Weather","MAHARASHTRA","BEED","GEORAI","2019-01-10T18:51:41.057"
"0","AGRICULTURE","Others","Others","Weather","MAHARASHTRA","BEED","BEED","2019-01-10T20:35:22.417"
"0","AGRICULTURE","Others","Others","Weather","MAHARASHTRA","BEED","PARALI  V .","2019-01-10T21:03:44.623"
"0","HORTICULTURE","Vegetables","Tomato","	Plant Protection	","MAHARASHTRA","BEED","AMBAJOGAI","2019-01-11T09:05:13.713"
"0","AGRICULTURE","Others","Others","Market Information","MAHARASHTRA","BEED","PATODA","2019-01-11T09:08:57.717"
"0","HORTICULTURE","Vegetables","Onion","	Plant Protection	","MAHARASHTRA","BEED","ASHTI","2019-01-11T09:28:07.283"
"0","HORTICULTURE","Fruits","Guava","Nutrient Management","MAHARASHTRA","BEED","GEORAI","2019-01-11T10:31:13.517"
"0","HORTICULTURE","Vegetables","Onion","Fertilizer Use and Availability","MAHARASHTRA","BEED","ASHTI","2019-01-11T10:32:17.463"
"0","HORTICULTURE","Vegetables","Onion","	Plant Protection	","MAHARASHTRA","BEED","ASHTI","2019-01-11T10:38:09.39"
"0","AGRICULTURE","Oilseeds","Soybean (bhat)","Market Information","MAHARASHTRA","BEED","AMBAJOGAI","2019-01-11T12:18:29.717"
"0","AGRICULTURE","Oilseeds","Soybean (bhat)","Market Information","MAHARASHTRA","BEED","AMBAJOGAI","2019-01-11T12:19:31.383"
"0","AGRICULTURE","Others","Others","Weather","MAHARASHTRA","BEED","MAJALGAON","2019-01-11T13:02:24.99"
"0","AGRICULTURE","Pulses","Bengal Gram (Gram/Chick Pea/Kabuli/Chana)","	Plant Protection	","MAHARASHTRA","BEED","ASHTI","2019-01-11T13:06:03.05"
"0","AGRICULTURE","Others","Others","Government Schemes","MAHARASHTRA","BEED","BEED","2019-01-11T14:17:28.867"
"0","FISHERIES","Marine","Marine","Breeding of freshwater prawn","MAHARASHTRA","BEED","AMBAJOGAI","2019-01-11T16:18:29.797"
"0","AGRICULTURE","Sugar and Starch Crops","Sugarcane (Noble Cane)","	Plant Protection	","MAHARASHTRA","BEED","AMBAJOGAI","2019-01-11T16:40:57.893"
"0","HORTICULTURE","Fruits","Papaya","	Plant Protection	","MAHARASHTRA","BEED","BEED","2019-01-11T16:47:33.203"
"0","AGRICULTURE","Others","Others","Weather","MAHARASHTRA","BEED","GEORAI","2019-01-11T16:52:09.08"
"0","HORTICULTURE","Fruits","Papaya","Seeds and Planting Material","MAHARASHTRA","BEED","BEED","2019-01-11T17:02:53.09"
"0","AGRICULTURE","Fiber Crops","Cotton (Kapas)","Market Information","MAHARASHTRA","BEED","BEED","2019-01-11T17:15:11.607"
"0","AGRICULTURE","Others","Others","Weather","MAHARASHTRA","BEED","PARALI  V .","2019-01-11T17:56:31.643"
"0","AGRICULTURE","Others","0","Weather","MAHARASHTRA","BEED","BEED","2019-01-11T18:21:57.15"
"0","AGRICULTURE","Others","Others","Government Schemes","MAHARASHTRA","BEED","ASHTI","2019-01-11T18:39:07.093"
"0","AGRICULTURE","Others","Others","Government Schemes","MAHARASHTRA","BEED","AMBAJOGAI","2019-01-11T20:15:37.247"
"0","HORTICULTURE","Vegetables","Onion","	Plant Protection	","MAHARASHTRA","BEED","ASHTI","2019-01-12T08:23:26.977"
"0","AGRICULTURE","Others","Others","Government Schemes","MAHARASHTRA","BEED","PATODA","2019-01-12T10:47:41.18"
"0","HORTICULTURE","Vegetables","Tomato","	Plant Protection	","MAHARASHTRA","BEED","PATODA","2019-01-12T10:55:01.513"
"0","AGRICULTURE","Pulses","Bengal Gram (Gram/Chick Pea/Kabuli/Chana)","Market Information","MAHARASHTRA","BEED","AMBAJOGAI","2019-01-12T10:59:17.623"
"0","AGRICULTURE","Others","Others","Government Schemes","MAHARASHTRA","BEED","GEORAI","2019-01-12T11:10:04.473"
"0","HORTICULTURE","Vegetables","Tomato","	Plant Protection	","MAHARASHTRA","BEED","PATODA","2019-01-12T12:22:32.987"
"0","AGRICULTURE","Oilseeds","Soybean (bhat)","Market Information","MAHARASHTRA","BEED","AMBAJOGAI","2019-01-12T12:25:30.127"
"0","AGRICULTURE","Sugar and Starch Crops","Sugarcane (Noble Cane)","Nutrient Management","MAHARASHTRA","BEED","PARALI  V .","2019-01-12T12:33:44.92"
"0","AGRICULTURE","Others","Others","Government Schemes","MAHARASHTRA","BEED","BEED","2019-01-12T13:06:36.297"
"0","AGRICULTURE","Others","Others","Government Schemes","MAHARASHTRA","BEED","AMBAJOGAI","2019-01-12T13:17:57.03"
"0","AGRICULTURE","Others","Others","Government Schemes","MAHARASHTRA","BEED","MAJALGAON","2019-01-12T13:23:52.7"
"0","AGRICULTURE","Others","Others","Weather","MAHARASHTRA","BEED","PARALI  V .","2019-01-12T13:41:38.37"
"0","AGRICULTURE","Others","Others","Weather","MAHARASHTRA","BEED","ASHTI","2019-01-12T13:59:14.417"
"0","HORTICULTURE","Vegetables","Bottle Gourd ","Seeds and Planting Material","MAHARASHTRA","BEED","ASHTI","2019-01-12T15:18:11.477"
"0","AGRICULTURE","Fiber Crops","Cotton (Kapas)","Market Information","MAHARASHTRA","BEED","MAJALGAON","2019-01-12T16:18:41.457"
"0","HORTICULTURE","Fruits","Mango","	Plant Protection	","MAHARASHTRA","BEED","AMBAJOGAI","2019-01-12T16:20:46.57"
"0","HORTICULTURE","Fruits","Sapota","Seeds and Planting Material","MAHARASHTRA","BEED","AMBAJOGAI","2019-01-12T17:08:45.68"
"0","HORTICULTURE","Fruits","Banana","Market Information","MAHARASHTRA","BEED","BEED","2019-01-12T18:45:57.217"
"0","AGRICULTURE","Sugar and Starch Crops","Sugarcane (Noble Cane)","Cultural Practices","MAHARASHTRA","BEED","KAIJ","2019-01-12T18:49:37.227"
"0","AGRICULTURE","Others","Others","Market Information","MAHARASHTRA","BEED","BEED","2019-01-12T19:06:41.01"
"0","AGRICULTURE","Others","Others","Weather","MAHARASHTRA","BEED","GEORAI","2019-01-12T19:20:36.467"
"0","AGRICULTURE","Others","0","Market Information","MAHARASHTRA","BEED","GEORAI","2019-01-12T21:22:14.04"
"0","AGRICULTURE","Others","Others","Weather","MAHARASHTRA","BEED","WADWANI","2019-01-13T07:44:12.1"
"0","HORTICULTURE","Fruits","Custard Apple","	Plant Protection	","MAHARASHTRA","BEED","GEORAI","2019-01-13T08:46:53.62"
"0","HORTICULTURE","Vegetables","Onion","	Plant Protection	","MAHARASHTRA","BEED","ASHTI","2019-01-13T09:11:27.753"
"0","AGRICULTURE","Sugar and Starch Crops","Sugarcane (Noble Cane)","Fertilizer Use and Availability","MAHARASHTRA","BEED","WADWANI","2019-01-13T09:20:08.897"
"0","AGRICULTURE","Others","Others","Weather","MAHARASHTRA","BEED","PARALI  V .","2019-01-13T09:47:06.473"
"0","HORTICULTURE","Condiments and Spices","Turmeric","Nutrient Management","MAHARASHTRA","BEED","BEED","2019-01-13T09:49:14.44"
"0","HORTICULTURE","Vegetables","Cucumber","Fertilizer Use and Availability","MAHARASHTRA","BEED","KAIJ","2019-01-13T10:46:36"
"0","AGRICULTURE","Others","Others","Government Schemes","MAHARASHTRA","BEED","ASHTI","2019-01-13T10:55:25.35"
"0","AGRICULTURE","Pulses","Bengal Gram (Gram/Chick Pea/Kabuli/Chana)","	Plant Protection	","MAHARASHTRA","BEED","ASHTI","2019-01-13T11:07:51.95"
"0","ANIMAL HUSBANDRY","Avian","Duck","Livestock Products Processing and Packaging","MAHARASHTRA","BEED","AMBAJOGAI","2019-01-13T11:15:15.603"
"0","HORTICULTURE","Fruits","Mango","	Plant Protection	","MAHARASHTRA","BEED","GEORAI","2019-01-13T11:25:24.92"
"0","AGRICULTURE","Others","Others","Bio-Pesticides and Bio-Fertilizers","MAHARASHTRA","BEED","GEORAI","2019-01-13T12:21:03.91"
"0","AGRICULTURE","0","0","Weather","MAHARASHTRA","BEED","DHARUR","2019-01-13T12:26:23.887"
"0","HORTICULTURE","Fruits","Citrus","Fertilizer Use and Availability","MAHARASHTRA","BEED","BEED","2019-01-13T12:35:34.963"
"0","AGRICULTURE","Others","Others","Organic Farming","MAHARASHTRA","BEED","BEED","2019-01-13T12:41:54.113"
"0","AGRICULTURE","Others","Others","Market Information","MAHARASHTRA","BEED","AMBAJOGAI","2019-01-13T12:48:20.8"
"0","AGRICULTURE","Others","Others","Government Schemes","MAHARASHTRA","BEED","MAJALGAON","2019-01-13T13:27:55.237"
"0","AGRICULTURE","Others","Others","Weather","MAHARASHTRA","BEED","BEED","2019-01-13T13:29:56.827"
"0","HORTICULTURE","Vegetables","Cucumber","Nutrient Management","MAHARASHTRA","BEED","WADWANI","2019-01-13T13:38:48.203"
"0","AGRICULTURE","Others","Others","Fertilizer Use and Availability","MAHARASHTRA","BEED","MAJALGAON","2019-01-13T13:41:20.79"
"0","AGRICULTURE","Others","Others","Government Schemes","MAHARASHTRA","BEED","GEORAI","2019-01-13T14:11:11.95"
"0","AGRICULTURE","Others","Others","Government Schemes","MAHARASHTRA","BEED","GEORAI","2019-01-13T14:17:37.323"
"0","AGRICULTURE","Others","Others","Government Schemes","MAHARASHTRA","BEED","GEORAI","2019-01-13T14:29:17.977"
"0","AGRICULTURE","Sugar and Starch Crops","Sugarcane (Noble Cane)","	Plant Protection	","MAHARASHTRA","BEED","GEORAI","2019-01-13T14:48:03.147"
"0","AGRICULTURE","Sugar and Starch Crops","Sugarcane (Noble Cane)","Nutrient Management","MAHARASHTRA","BEED","WADWANI","2019-01-13T14:54:43.09"
"0","AGRICULTURE","Others","Others","Weather","MAHARASHTRA","BEED","SHIRUR ( KA )","2019-01-13T15:23:23.507"
"0","AGRICULTURE","Others","Others","Government Schemes","MAHARASHTRA","BEED","DHARUR","2019-01-13T15:26:25.373"
"0","AGRICULTURE","Others","Others","Government Schemes","MAHARASHTRA","BEED","DHARUR","2019-01-13T15:34:50.823"
"0","AGRICULTURE","Others","Others","Government Schemes","MAHARASHTRA","BEED","WADWANI","2019-01-13T15:43:04.32"
"0","AGRICULTURE","Others","Others","Weather","MAHARASHTRA","BEED","AMBAJOGAI","2019-01-13T16:24:40.177"
"0","HORTICULTURE","Vegetables","Onion","	Plant Protection	","MAHARASHTRA","BEED","ASHTI","2019-01-14T09:10:36.21"
"0","HORTICULTURE","Vegetables","Onion","	Plant Protection	","MAHARASHTRA","BEED","ASHTI","2019-01-14T10:20:06.94"
"0","AGRICULTURE","Others","Others","Weather","MAHARASHTRA","BEED","WADWANI","2019-01-14T10:28:10.597"
"0","HORTICULTURE","Fruits","Mango","Fertilizer Use and Availability","MAHARASHTRA","BEED","GEORAI","2019-01-14T11:13:42.86"
"0","AGRICULTURE","Others","Others","Bio-Pesticides and Bio-Fertilizers","MAHARASHTRA","BEED","SHIRUR ( KA )","2019-01-14T11:18:40.2"
"0","AGRICULTURE","Others","Others","Government Schemes","MAHARASHTRA","BEED","ASHTI","2019-01-14T11:45:33.503"
"0","AGRICULTURE","Others","Others","Government Schemes","MAHARASHTRA","BEED","PARALI  V .","2019-01-14T12:18:50.64"
"0","AGRICULTURE","Pulses","0","Bio-Pesticides and Bio-Fertilizers","MAHARASHTRA","BEED","GEORAI","2019-01-14T12:30:02.437"
"0","ANIMAL HUSBANDRY","Animal","Goat","Animal Nutrition","MAHARASHTRA","BEED","GEORAI","2019-01-14T12:46:17.547"
"0","AGRICULTURE","Fiber Crops","Cotton (Kapas)","Market Information","MAHARASHTRA","BEED","SHIRUR ( KA )","2019-01-14T12:52:33.48"
"0","AGRICULTURE","Others","Others","Government Schemes","MAHARASHTRA","BEED","ASHTI","2019-01-14T13:20:46.78"
"0","HORTICULTURE","Vegetables","Onion","Nutrient Management","MAHARASHTRA","BEED","ASHTI","2019-01-14T13:36:28.273"
"0","AGRICULTURE","Others","Others","Weather","MAHARASHTRA","BEED","GEORAI","2019-01-14T14:01:45.703"
"0","AGRICULTURE","Oilseeds","Groundnut (pea nut/mung phalli)","Market Information","MAHARASHTRA","BEED","BEED","2019-01-14T15:08:15.877"
"0","AGRICULTURE","Fruits","Papaya","Market Information","MAHARASHTRA","BEED","BEED","2019-01-14T15:12:14.093"
"0","HORTICULTURE","Fruits","Mango","	Plant Protection	","MAHARASHTRA","BEED","PATODA","2019-01-14T15:40:47.143"
"0","AGRICULTURE","Others","Others","Market Information","MAHARASHTRA","BEED","AMBAJOGAI","2019-01-14T15:44:11.693"
"0","AGRICULTURE","Fiber Crops","Cotton (Kapas)","Market Information","MAHARASHTRA","BEED","ASHTI","2019-01-14T15:52:55.613"
"0","HORTICULTURE","Fruits","Mosambi","	Plant Protection	","MAHARASHTRA","BEED","GEORAI","2019-01-14T15:55:33.537"
"0","AGRICULTURE","Others","Others","Government Schemes","MAHARASHTRA","BEED","PARALI  V .","2019-01-14T16:06:00.51"
"0","AGRICULTURE","Others","Others","Weather","MAHARASHTRA","BEED","PARALI  V .","2019-01-14T16:10:08.413"
"0","AGRICULTURE","Others","Others","Government Schemes","MAHARASHTRA","BEED","PARALI  V .","2019-01-14T16:17:25.47"
"0","AGRICULTURE","Others","Others","Government Schemes","MAHARASHTRA","BEED","MAJALGAON","2019-01-14T16:29:59.293"
"0","ANIMAL HUSBANDRY","Animal","Sheep","Animal Nutrition","MAHARASHTRA","BEED","GEORAI","2019-01-14T17:19:53.14"
"0","ANIMAL HUSBANDRY","Animal","Sheep","Animal Nutrition","MAHARASHTRA","BEED","GEORAI","2019-01-14T17:20:23.263"
"0","AGRICULTURE","Fiber Crops","Cotton (Kapas)","Market Information","MAHARASHTRA","BEED","DHARUR","2019-01-14T17:44:36.82"
"0","AGRICULTURE","Others","Others","Government Schemes","MAHARASHTRA","BEED","PARALI  V .","2019-01-14T17:49:40.37"
"0","AGRICULTURE","Others","Others","Weather","MAHARASHTRA","BEED","GEORAI","2019-01-14T18:25:31.193"
"0","AGRICULTURE","Others","Others","Weather","MAHARASHTRA","BEED","GEORAI","2019-01-14T18:30:18.21"
"0","AGRICULTURE","Others","Others","Weather","MAHARASHTRA","BEED","GEORAI","2019-01-14T19:33:31.12"
"0","HORTICULTURE","Fruits","Melon","Fertilizer Use and Availability","MAHARASHTRA","BEED","GEORAI","2019-01-14T20:16:55.943"
"0","AGRICULTURE","Others","Others","Market Information","MAHARASHTRA","BEED","GEORAI","2019-01-14T20:31:01.54"
"0","AGRICULTURE","Fiber Crops","Cotton (Kapas)","Market Information","MAHARASHTRA","BEED","GEORAI","2019-01-14T20:35:49.233"
"0","AGRICULTURE","Others","Others","Weather","MAHARASHTRA","BEED","GEORAI","2019-01-15T08:03:14.707"
"0","HORTICULTURE","Vegetables","Bhindi(Okra/Ladysfinger)","	Plant Protection	","MAHARASHTRA","BEED","AMBAJOGAI","2019-01-15T08:05:27.793"
"0","AGRICULTURE","Millets","Sorghum (Jowar/Great Millet)","	Plant Protection	","MAHARASHTRA","BEED","MAJALGAON","2019-01-15T10:05:26.583"
"0","AGRICULTURE","Others","Others","Soil Health Card","MAHARASHTRA","BEED","MAJALGAON","2019-01-15T10:06:27.613"
"0","HORTICULTURE","Vegetables","Turnip (Saljam)","Vegetative Propagation and Tissue Culture","MAHARASHTRA","BEED","WADWANI","2019-01-15T11:00:20.817"
"0","AGRICULTURE","Others","Others","Government Schemes","MAHARASHTRA","BEED","GEORAI","2019-01-15T11:42:35.767"
"0","AGRICULTURE","Others","Others","Government Schemes","MAHARASHTRA","BEED","GEORAI","2019-01-15T12:05:25.127"
"0","AGRICULTURE","Millets","Pearl Millet (Bajra/Bulrush Millet/Spiked Millet)","Varieties","MAHARASHTRA","BEED","GEORAI","2019-01-15T12:12:08.893"
"0","AGRICULTURE","Others","Others","Government Schemes","MAHARASHTRA","BEED","DHARUR","2019-01-15T12:47:57.05"
"0","HORTICULTURE","Vegetables","Baby Corn","Vegetative Propagation and Tissue Culture","MAHARASHTRA","BEED","ASHTI","2019-01-15T13:07:45.417"
"0","AGRICULTURE","Others","Others","Bio-Pesticides and Bio-Fertilizers","MAHARASHTRA","BEED","SHIRUR ( KA )","2019-01-15T13:15:26.797"
"0","AGRICULTURE","Sugar and Starch Crops","Sugarcane (Noble Cane)","Fertilizer Use and Availability","MAHARASHTRA","BEED","GEORAI","2019-01-15T13:35:04.023"
"0","AGRICULTURE","Others","Others","Government Schemes","MAHARASHTRA","BEED","MAJALGAON","2019-01-15T13:49:23.753"
"0","AGRICULTURE","Fiber Crops","Cotton (Kapas)","Market Information","MAHARASHTRA","BEED","ASHTI","2019-01-15T14:37:17.153"
"0","AGRICULTURE","Others","Others","Government Schemes","MAHARASHTRA","BEED","KAIJ","2019-01-15T15:02:52.99"
"0","HORTICULTURE","Fruits","Mango","Cultural Practices","MAHARASHTRA","BEED","ASHTI","2019-01-15T15:18:56.733"
"0","HORTICULTURE","Fruits","Lemon","Cultural Practices","MAHARASHTRA","BEED","ASHTI","2019-01-15T16:12:09.593"
"0","AGRICULTURE","Others","Others","Government Schemes","MAHARASHTRA","BEED","MAJALGAON","2019-01-15T16:13:39.45"
"0","AGRICULTURE","Fiber Crops","Cotton (Kapas)","Market Information","MAHARASHTRA","BEED","GEORAI","2019-01-15T16:28:49.07"
"0","HORTICULTURE","Vegetables","Bhindi(Okra/Ladysfinger)","Bio-Pesticides and Bio-Fertilizers","MAHARASHTRA","BEED","WADWANI","2019-01-15T16:34:42.637"
"0","HORTICULTURE","Vegetables","Onion","Fertilizer Use and Availability","MAHARASHTRA","BEED","ASHTI","2019-01-15T16:51:39.85"
"0","AGRICULTURE","Others","Others","Government Schemes","MAHARASHTRA","BEED","BEED","2019-01-15T17:30:53.247"
"0","AGRICULTURE","Others","Others","Government Schemes","MAHARASHTRA","BEED","AMBAJOGAI","2019-01-15T18:03:27.133"
"0","AGRICULTURE","Others","Others","Market Information","MAHARASHTRA","BEED","GEORAI","2019-01-15T18:37:47.337"
"0","AGRICULTURE","Others","Others","Bio-Pesticides and Bio-Fertilizers","MAHARASHTRA","BEED","PARALI  V .","2019-01-16T08:15:29.973"
"0","AGRICULTURE","Others","Others","Government Schemes","MAHARASHTRA","BEED","PARALI  V .","2019-01-16T08:52:52.87"
"0","AGRICULTURE","Others","Others","Weather","MAHARASHTRA","BEED","PARALI  V .","2019-01-16T08:59:24.033"
"0","HORTICULTURE","Vegetables","Tomato","	Plant Protection	","MAHARASHTRA","BEED","PATODA","2019-01-16T10:46:39.583"
"0","AGRICULTURE","Others","Others","Government Schemes","MAHARASHTRA","BEED","MAJALGAON","2019-01-16T11:03:33.927"
"0","HORTICULTURE","Vegetables","Onion","Bio-Pesticides and Bio-Fertilizers","MAHARASHTRA","BEED","GEORAI","2019-01-16T11:35:20.31"
"0","HORTICULTURE","Vegetables","Bhindi(Okra/Ladysfinger)","Seeds and Planting Material","MAHARASHTRA","BEED","KAIJ","2019-01-16T11:55:52.267"
"0","AGRICULTURE","Others","Others","Market Information","MAHARASHTRA","BEED","GEORAI","2019-01-16T12:01:14.927"
"0","AGRICULTURE","Fiber Crops","Cotton (Kapas)","Market Information","MAHARASHTRA","BEED","GEORAI","2019-01-16T12:02:45.36"
"0","AGRICULTURE","Others","Others","Crop Insurance","MAHARASHTRA","BEED","ASHTI","2019-01-16T12:16:07.807"
"0","HORTICULTURE","Vegetables","Bhindi(Okra/Ladysfinger)","Seeds and Planting Material","MAHARASHTRA","BEED","KAIJ","2019-01-16T12:47:13.273"
"0","AGRICULTURE","Others","Others","Market Information","MAHARASHTRA","BEED","SHIRUR ( KA )","2019-01-16T13:05:40.47"
"0","HORTICULTURE","Vegetables","ARUM ","Nursery Management","MAHARASHTRA","BEED","BEED","2019-01-16T13:05:45.447"
"0","AGRICULTURE","Others","Others","Government Schemes","MAHARASHTRA","BEED","PATODA","2019-01-16T13:12:47.31"
"0","AGRICULTURE","Others","Others","Government Schemes","MAHARASHTRA","BEED","SHIRUR ( KA )","2019-01-16T13:14:33.173"
"0","HORTICULTURE","Vegetables","Brinjal","	Plant Protection	","MAHARASHTRA","BEED","ASHTI","2019-01-16T13:32:13.117"
"0","AGRICULTURE","Others","Others","Government Schemes","MAHARASHTRA","BEED","DHARUR","2019-01-16T13:55:11.353"
"0","AGRICULTURE","0","0","Market Information","MAHARASHTRA","BEED","BEED","2019-01-16T14:04:44.353"
"0","AGRICULTURE","Millets","Maize (Makka)","Varieties","MAHARASHTRA","BEED","MAJALGAON","2019-01-16T14:10:25.14"
"0","HORTICULTURE","Condiments and Spices","Turmeric","	Plant Protection	","MAHARASHTRA","BEED","MAJALGAON","2019-01-16T14:18:06.69"
"0","AGRICULTURE","Others","Others","Government Schemes","MAHARASHTRA","BEED","MAJALGAON","2019-01-16T14:35:51.893"
"0","AGRICULTURE","Others","Others","Market Information","MAHARASHTRA","BEED","AMBAJOGAI","2019-01-16T14:42:32.383"
"0","AGRICULTURE","Others","Others","Government Schemes","MAHARASHTRA","BEED","KAIJ","2019-01-16T14:55:17.84"
"0","AGRICULTURE","Others","Others","Crop Insurance","MAHARASHTRA","BEED","AMBAJOGAI","2019-01-16T14:56:20.647"
"0","AGRICULTURE","Others","Others","Weather","MAHARASHTRA","BEED","AMBAJOGAI","2019-01-16T15:07:07.03"
"0","HORTICULTURE","Vegetables","Watermelon","Field Preparation","MAHARASHTRA","BEED","PARALI  V .","2019-01-16T16:01:14.727"
"0","AGRICULTURE","Others","Others","Government Schemes","MAHARASHTRA","BEED","BEED","2019-01-16T16:39:46.7"
"0","AGRICULTURE","Others","Others","Government Schemes","MAHARASHTRA","BEED","BEED","2019-01-16T17:06:40.627"
"0","ANIMAL HUSBANDRY","Animal","Others","Disease Management","MAHARASHTRA","BEED","AMBAJOGAI","2019-01-16T17:20:23.51"
"0","AGRICULTURE","Oilseeds","Soybean (bhat)","Market Information","MAHARASHTRA","BEED","MAJALGAON","2019-01-16T17:20:52.747"
"0","AGRICULTURE","Others","Others","Varieties","MAHARASHTRA","BEED","GEORAI","2019-01-16T17:22:34.787"
"0","AGRICULTURE","Pulses","Bengal Gram (Gram/Chick Pea/Kabuli/Chana)","	Plant Protection	","MAHARASHTRA","BEED","DHARUR","2019-01-16T18:17:35.45"
"0","HORTICULTURE","Fruits","Musk Melon","	Plant Protection	","MAHARASHTRA","BEED","PARALI  V .","2019-01-16T18:38:27.767"
"0","HORTICULTURE","Fruits","Banana","	Plant Protection	","MAHARASHTRA","BEED","MAJALGAON","2019-01-16T19:07:11.657"
"0","HORTICULTURE","Fruits","Banana","Fertilizer Use and Availability","MAHARASHTRA","BEED","MAJALGAON","2019-01-16T19:19:57.273"
"0","HORTICULTURE","Vegetables","Bottle Gourd ","Cultural Practices","MAHARASHTRA","BEED","ASHTI","2019-01-16T21:00:54.17"
"0","HORTICULTURE","Condiments and Spices","Ginger","Nutrient Management","MAHARASHTRA","BEED","KAIJ","2019-01-17T07:47:34.633"
"0","AGRICULTURE","Sugar and Starch Crops","Sugarcane (Noble Cane)","Fertilizer Use and Availability","MAHARASHTRA","BEED","PARALI  V .","2019-01-17T08:14:13.66"
"0","AGRICULTURE","Others","Others","Weather","MAHARASHTRA","BEED","WADWANI","2019-01-17T09:07:16.85"
"0","AGRICULTURE","Others","Others","Weather","MAHARASHTRA","BEED","WADWANI","2019-01-17T09:08:25.6"
"0","HORTICULTURE","Fruits","Mango","	Plant Protection	","MAHARASHTRA","BEED","SHIRUR ( KA )","2019-01-17T09:38:21.177"
"0","AGRICULTURE","Others","0","Market Information","MAHARASHTRA","BEED","GEORAI","2019-01-17T09:55:26.643"
"0","HORTICULTURE","Fruits","Mango","	Plant Protection	","MAHARASHTRA","BEED","SHIRUR ( KA )","2019-01-17T10:08:40.887"
"0","AGRICULTURE","Others","Others","Government Schemes","MAHARASHTRA","BEED","PARALI  V .","2019-01-17T10:19:48.017"
"0","HORTICULTURE","Vegetables","Tomato","	Plant Protection	","MAHARASHTRA","BEED","PATODA","2019-01-17T11:15:02.607"
"0","HORTICULTURE","Vegetables","Tomato","	Plant Protection	","MAHARASHTRA","BEED","PATODA","2019-01-17T11:27:00.11"
"0","AGRICULTURE","Others","Others","Weather","MAHARASHTRA","BEED","MAJALGAON","2019-01-17T11:44:27.043"
"0","HORTICULTURE","Vegetables","Brinjal","	Plant Protection	","MAHARASHTRA","BEED","BEED","2019-01-17T11:47:03.42"
"0","HORTICULTURE","Fruits","Mango","Nutrient Management","MAHARASHTRA","BEED","ASHTI","2019-01-17T11:51:26.287"
"0","HORTICULTURE","Fruits","Mango","	Plant Protection	","MAHARASHTRA","BEED","ASHTI","2019-01-17T11:57:18.943"
"0","AGRICULTURE","Pulses","Pigeon pea (red gram/arhar/tur)","Market Information","MAHARASHTRA","BEED","GEORAI","2019-01-17T12:35:27.883"
"0","HORTICULTURE","Fruits","Mango","	Plant Protection	","MAHARASHTRA","BEED","KAIJ","2019-01-17T13:49:20.23"
"0","AGRICULTURE","Others","Others","Organic Farming","MAHARASHTRA","BEED","ASHTI","2019-01-17T14:02:08.56"
"0","AGRICULTURE","Oilseeds","Soybean (bhat)","Market Information","MAHARASHTRA","BEED","AMBAJOGAI","2019-01-17T14:16:24.81"
"0","AGRICULTURE","Others","Others","Government Schemes","MAHARASHTRA","BEED","AMBAJOGAI","2019-01-17T14:47:02.303"
"0","HORTICULTURE","Fruits","Mango","	Plant Protection	","MAHARASHTRA","BEED","SHIRUR ( KA )","2019-01-17T15:03:15.027"
"0","AGRICULTURE","Fiber Crops","Cotton (Kapas)","Market Information","MAHARASHTRA","BEED","SHIRUR ( KA )","2019-01-17T15:15:45.04"
"0","AGRICULTURE","Others","Others","Weather","MAHARASHTRA","BEED","GEORAI","2019-01-17T15:21:41.787"
"0","AGRICULTURE","Fodder Crops","Other","Cultural Practices","MAHARASHTRA","BEED","GEORAI","2019-01-17T15:30:14.647"
"0","AGRICULTURE","Vegetables","Onion","Market Information","MAHARASHTRA","BEED","ASHTI","2019-01-17T15:31:59.153"
"0","HORTICULTURE","Vegetables","Lettuce","Market Information","MAHARASHTRA","BEED","ASHTI","2019-01-17T15:38:50.563"
"0","HORTICULTURE","Vegetables","Onion","Market Information","MAHARASHTRA","BEED","ASHTI","2019-01-17T15:42:27.423"
"0","AGRICULTURE","Others","Others","Market Information","MAHARASHTRA","BEED","MAJALGAON","2019-01-19T10:38:39.677"
"0","AGRICULTURE","Others","Others","Government Schemes","MAHARASHTRA","BEED","KAIJ","2019-01-19T10:43:21.963"
"0","AGRICULTURE","Others","Others","Government Schemes","MAHARASHTRA","BEED","0   ","2019-01-19T10:55:26.813"
"0","AGRICULTURE","Others","Others","Weather","MAHARASHTRA","BEED","GEORAI","2019-01-19T11:47:45.2"
"0","AGRICULTURE","Others","Others","Weather","MAHARASHTRA","BEED","WADWANI","2019-01-19T12:14:45.117"
"0","AGRICULTURE","Others","0","Market Information","MAHARASHTRA","BEED","BEED","2019-01-19T12:34:44.743"
"0","AGRICULTURE","Fiber Crops","Cotton (Kapas)","Market Information","MAHARASHTRA","BEED","SHIRUR ( KA )","2019-01-19T13:10:37.88"
"0","AGRICULTURE","Fiber Crops","Cotton (Kapas)","Market Information","MAHARASHTRA","BEED","GEORAI","2019-01-19T13:19:46.667"
"0","AGRICULTURE","Pulses","Pigeon pea (red gram/arhar/tur)","Market Information","MAHARASHTRA","BEED","SHIRUR ( KA )","2019-01-19T13:24:39.31"
"0","AGRICULTURE","Others","Others","Sowing Time and Weather","MAHARASHTRA","BEED","GEORAI","2019-01-19T13:25:07.547"
"0","AGRICULTURE","Cereals","Wheat","Market Information","MAHARASHTRA","BEED","GEORAI","2019-01-19T13:25:17.983"
"0","AGRICULTURE","Millets","Maize (Makka)","	Plant Protection	","MAHARASHTRA","BEED","KAIJ","2019-01-19T13:29:54"
"0","AGRICULTURE","Others","Others","Soil Testing","MAHARASHTRA","BEED","MAJALGAON","2019-01-19T14:07:29.05"
"0","HORTICULTURE","Vegetables","Onion","	Plant Protection	","MAHARASHTRA","BEED","ASHTI","2019-01-19T15:19:45.27"
"0","AGRICULTURE","Others","Others","Market Information","MAHARASHTRA","BEED","WADWANI","2019-01-19T15:20:04.91"
"0","AGRICULTURE","Others","Others","Market Information","MAHARASHTRA","BEED","WADWANI","2019-01-19T15:30:00.327"
"0","AGRICULTURE","Fiber Crops","Cotton (Kapas)","Market Information","MAHARASHTRA","BEED","BEED","2019-01-19T15:33:00.26"
"0","AGRICULTURE","Others","Others","Government Schemes","MAHARASHTRA","BEED","GEORAI","2019-01-19T15:34:45.67"
"0","AGRICULTURE","Others","Others","Government Schemes","MAHARASHTRA","BEED","BEED","2019-01-19T16:28:22.027"
"0","AGRICULTURE","Others","Others","Weather","MAHARASHTRA","BEED","WADWANI","2019-01-19T16:50:18.02"
"0","HORTICULTURE","Vegetables","Brinjal","	Plant Protection	","MAHARASHTRA","BEED","BEED","2019-01-19T17:16:17.327"
"0","HORTICULTURE","Vegetables","Brinjal","	Plant Protection	","MAHARASHTRA","BEED","BEED","2019-01-19T17:24:06.163"
"0","AGRICULTURE","Others","Others","Weather","MAHARASHTRA","BEED","WADWANI","2019-01-19T19:05:19.187"
"0","AGRICULTURE","Others","Others","Training and Exposure Visits","MAHARASHTRA","BEED","MAJALGAON","2019-01-19T19:35:42.38"
"0","HORTICULTURE","Vegetables","Brinjal","	Plant Protection	","MAHARASHTRA","BEED","BEED","2019-01-19T20:20:10.917"
"0","HORTICULTURE","Vegetables","Cucumber","	Plant Protection	","MAHARASHTRA","BEED","GEORAI","2019-01-20T08:21:57.997"
"0","AGRICULTURE","Others","Others","Weather","MAHARASHTRA","BEED","AMBAJOGAI","2019-01-20T08:39:22.247"
"0","AGRICULTURE","Others","Others","Weather","MAHARASHTRA","BEED","WADWANI","2019-01-20T08:53:50.2"
"0","AGRICULTURE","Fiber Crops","Cotton (Kapas)","Market Information","MAHARASHTRA","BEED","GEORAI","2019-01-20T09:17:10.51"
"0","AGRICULTURE","Sugar and Starch Crops","Sugarcane (Noble Cane)","	Plant Protection	","MAHARASHTRA","BEED","GEORAI","2019-01-20T12:31:12.54"
"0","AGRICULTURE","Others","Others","Market Information","MAHARASHTRA","BEED","GEORAI","2019-01-20T12:39:23.45"
"0","AGRICULTURE","Others","Others","Weather","MAHARASHTRA","BEED","0   ","2019-01-20T12:45:38.28"
"0","AGRICULTURE","Others","Others","Government Schemes","MAHARASHTRA","BEED","AMBAJOGAI","2019-01-20T12:55:08.453"
"0","AGRICULTURE","Fiber Crops","Cotton (Kapas)","Market Information","MAHARASHTRA","BEED","GEORAI","2019-01-20T13:53:45.87"
"0","AGRICULTURE","Sugar and Starch Crops","Sugarcane (Noble Cane)","Fertilizer Use and Availability","MAHARASHTRA","BEED","GEORAI","2019-01-20T14:57:17.81"
"0","AGRICULTURE","Others","Others","	Plant Protection	","MAHARASHTRA","BEED","AMBAJOGAI","2019-01-20T15:12:39.99"
"0","HORTICULTURE","Fruits","Mango","	Plant Protection	","MAHARASHTRA","BEED","KAIJ","2019-01-20T15:40:44.413"
"0","AGRICULTURE","Others","Others","Weather","MAHARASHTRA","BEED","DHARUR","2019-01-20T15:58:29.197"
"0","HORTICULTURE","Vegetables","ARUM ","Old/Senile Orchard Rejuvenation","MAHARASHTRA","BEED","MAJALGAON","2019-01-20T16:24:45.523"
"0","AGRICULTURE","Cereals","0","Market Information","MAHARASHTRA","BEED","ASHTI","2019-01-20T16:56:18.837"
"0","AGRICULTURE","Others","Others","Government Schemes","MAHARASHTRA","BEED","MAJALGAON","2019-01-20T17:11:32.06"
"0","HORTICULTURE","Fruits","Pomegranate","	Plant Protection	","MAHARASHTRA","BEED","KAIJ","2019-01-20T18:34:30.997"
"0","AGRICULTURE","Others","Others","Government Schemes","MAHARASHTRA","BEED","BEED","2019-01-20T18:44:13.777"
"0","AGRICULTURE","Others","Others","Weather","MAHARASHTRA","BEED","MAJALGAON","2019-01-20T21:12:09.597"
"0","HORTICULTURE","Vegetables","Onion","Cold Storage","MAHARASHTRA","BEED","WADWANI","2019-01-21T08:01:12"
"0","AGRICULTURE","Fiber Crops","Cotton (Kapas)","Market Information","MAHARASHTRA","BEED","WADWANI","2019-01-21T09:44:25.277"
"0","AGRICULTURE","Fiber Crops","Cotton (Kapas)","Fertilizer Use and Availability","MAHARASHTRA","BEED","DHARUR","2019-01-21T11:09:59.873"
"0","AGRICULTURE","Oilseeds","Soybean (bhat)","Market Information","MAHARASHTRA","BEED","PATODA","2019-01-21T11:17:10.987"
"0","HORTICULTURE","Fruits","Mango","	Plant Protection	","MAHARASHTRA","BEED","ASHTI","2019-01-21T12:22:56.233"
"0","AGRICULTURE","Others","Others","Weather","MAHARASHTRA","BEED","GEORAI","2019-01-21T14:01:38.923"
"0","HORTICULTURE","Vegetables","Ribbed Gourd (Kali Tori)","	Plant Protection	","MAHARASHTRA","BEED","GEORAI","2019-01-21T14:05:29.667"
"0","AGRICULTURE","Others","Others","	Plant Protection	","MAHARASHTRA","BEED","BEED","2019-01-21T14:35:11.74"
"0","AGRICULTURE","Others","Others","Market Information","MAHARASHTRA","BEED","ASHTI","2019-01-21T15:21:24.627"
"0","HORTICULTURE","Fruits","Mango","Bio-Pesticides and Bio-Fertilizers","MAHARASHTRA","BEED","GEORAI","2019-01-21T15:37:50.733"
"0","AGRICULTURE","Millets","Pearl Millet (Bajra/Bulrush Millet/Spiked Millet)","Weed Management","MAHARASHTRA","BEED","GEORAI","2019-01-21T15:39:23.71"
"0","HORTICULTURE","Fruits","Mango","	Plant Protection	","MAHARASHTRA","BEED","DHARUR","2019-01-21T16:09:04.217"
"0","AGRICULTURE","Others","Others","Market Information","MAHARASHTRA","BEED","KAIJ","2019-01-21T17:17:29.38"
"0","AGRICULTURE","Cereals","Wheat","Varieties","MAHARASHTRA","BEED","BEED","2019-01-21T17:29:40.207"
"0","AGRICULTURE","Millets","Sorghum (Jowar/Great Millet)","	Plant Protection	","MAHARASHTRA","BEED","PARALI  V .","2019-01-21T18:43:55.253"
"0","AGRICULTURE","Others","Others","Government Schemes","MAHARASHTRA","BEED","BEED","2019-01-21T19:32:01.647"
"0","AGRICULTURE","Others","Others","Weather","MAHARASHTRA","BEED","WADWANI","2019-01-21T21:21:12.437"
"0","AGRICULTURE","Others","Others","Weather","MAHARASHTRA","BEED","AMBAJOGAI","2019-01-22T08:54:57.277"
"0","AGRICULTURE","Fiber Crops","Cotton (Kapas)","Market Information","MAHARASHTRA","BEED","SHIRUR ( KA )","2019-01-22T09:10:33.62"
"0","HORTICULTURE","Vegetables","Onion","Market Information","MAHARASHTRA","BEED","GEORAI","2019-01-22T09:47:37.78"
"0","HORTICULTURE","Vegetables","Onion","Fertilizer Use and Availability","MAHARASHTRA","BEED","ASHTI","2019-01-22T10:10:35.707"
"0","HORTICULTURE","Vegetables","Onion","	Plant Protection	","MAHARASHTRA","BEED","ASHTI","2019-01-22T10:17:39.55"
"0","AGRICULTURE","Others","Others","Weather","MAHARASHTRA","BEED","ASHTI","2019-01-22T10:18:16.913"
"0","AGRICULTURE","Others","Others","Government Schemes","MAHARASHTRA","BEED","ASHTI","2019-01-22T10:26:08.26"
"0","HORTICULTURE","Vegetables","Watermelon","Seeds and Planting Material","MAHARASHTRA","BEED","PARALI  V .","2019-01-22T10:42:40.257"
"0","HORTICULTURE","Vegetables","Watermelon","Seeds and Planting Material","MAHARASHTRA","BEED","PARALI  V .","2019-01-22T10:51:52.727"
"0","HORTICULTURE","Vegetables","Brinjal","	Plant Protection	","MAHARASHTRA","BEED","PARALI  V .","2019-01-22T11:29:28.423"
"0","AGRICULTURE","Fiber Crops","Cotton (Kapas)","Market Information","MAHARASHTRA","BEED","BEED","2019-01-22T12:14:44.727"
"0","AGRICULTURE","Others","Others","Government Schemes","MAHARASHTRA","BEED","GEORAI","2019-01-22T12:41:11.713"
"0","HORTICULTURE","Condiments and Spices","Turmeric","Nutrient Management","MAHARASHTRA","BEED","MAJALGAON","2019-01-22T12:49:49.673"
"0","HORTICULTURE","Fruits","Mango","Fertilizer Use and Availability","MAHARASHTRA","BEED","BEED","2019-01-22T13:17:33.613"
"0","AGRICULTURE","Others","Others","Government Schemes","MAHARASHTRA","BEED","GEORAI","2019-01-22T13:38:10.48"
"0","ANIMAL HUSBANDRY","Animal","Bovine(Cow,Buffalo)","Dairy Production","MAHARASHTRA","BEED","GEORAI","2019-01-22T14:46:47.3"
"0","HORTICULTURE","Fruits","Mango","	Plant Protection	","MAHARASHTRA","BEED","BEED","2019-01-22T15:11:47.64"
"0","ANIMAL HUSBANDRY","Animal","Goat","Market Information","MAHARASHTRA","BEED","ASHTI","2019-01-22T15:18:19.72"
"0","AGRICULTURE","Others","0","Market Information","MAHARASHTRA","BEED","KAIJ","2019-01-22T15:40:23.543"
"0","HORTICULTURE","Fruits","Papaya","Market Information","MAHARASHTRA","BEED","BEED","2019-01-22T15:50:20.74"
"0","HORTICULTURE","Vegetables","Capsicum","Bio-Pesticides and Bio-Fertilizers","MAHARASHTRA","BEED","GEORAI","2019-01-22T16:00:01.66"
"0","HORTICULTURE","Vegetables","Tomato","Vegetative Propagation and Tissue Culture","MAHARASHTRA","BEED","MAJALGAON","2019-01-22T16:06:08.11"
"0","HORTICULTURE","Fruits","Mango","	Plant Protection	","MAHARASHTRA","BEED","GEORAI","2019-01-22T16:25:16.137"
"0","AGRICULTURE","Others","Others","Government Schemes","MAHARASHTRA","BEED","PARALI  V .","2019-01-22T16:35:51.113"
"0","HORTICULTURE","Vegetables","Brinjal","Fertilizer Use and Availability","MAHARASHTRA","BEED","AMBAJOGAI","2019-01-22T16:53:10.653"
"0","HORTICULTURE","Fruits","Mango","	Plant Protection	","MAHARASHTRA","BEED","PATODA","2019-01-22T17:19:23.643"
"0","HORTICULTURE","Fruits","Mango","Bio-Pesticides and Bio-Fertilizers","MAHARASHTRA","BEED","AMBAJOGAI","2019-01-22T18:26:38.327"
"0","AGRICULTURE","Others","Others","Government Schemes","MAHARASHTRA","BEED","BEED","2019-01-22T18:59:44.617"
"0","HORTICULTURE","Vegetables","Brinjal","	Plant Protection	","MAHARASHTRA","BEED","PARALI  V .","2019-01-22T19:59:36.21"
"0","AGRICULTURE","Others","Others","Weather","MAHARASHTRA","BEED","WADWANI","2019-01-22T20:09:24.477"
"0","AGRICULTURE","Others","Others","Weather","MAHARASHTRA","BEED","PARALI  V .","2019-01-22T21:49:39.937"
"0","AGRICULTURE","Others","Others","Weather","MAHARASHTRA","BEED","PARALI  V .","2019-01-22T21:49:40.043"
"0","AGRICULTURE","Others","Others","Weather","MAHARASHTRA","BEED","PARALI  V .","2019-01-22T21:49:40.153"
"0","AGRICULTURE","Others","Others","Weather","MAHARASHTRA","BEED","PARALI  V .","2019-01-22T21:49:40.373"
"0","AGRICULTURE","Others","Others","Weather","MAHARASHTRA","BEED","PARALI  V .","2019-01-22T21:49:40.467"
"0","AGRICULTURE","Others","Others","Weather","MAHARASHTRA","BEED","PARALI  V .","2019-01-22T21:49:40.577"
"0","AGRICULTURE","Others","Others","Weather","MAHARASHTRA","BEED","PARALI  V .","2019-01-22T21:49:40.717"
"0","AGRICULTURE","Others","Others","Weather","MAHARASHTRA","BEED","GEORAI","2019-01-23T11:06:31.633"
"0","HORTICULTURE","Vegetables","Beans ","Nutrient Management","MAHARASHTRA","BEED","BEED","2019-01-23T11:07:05.75"
"0","HORTICULTURE","Flowers","Gerbera","	Plant Protection	","MAHARASHTRA","BEED","MAJALGAON","2019-01-23T11:19:43.817"
"0","AGRICULTURE","Others","Others","Market Information","MAHARASHTRA","BEED","ASHTI","2019-01-23T11:25:49.453"
"0","AGRICULTURE","Others","Others","Government Schemes","MAHARASHTRA","BEED","WADWANI","2019-01-23T11:46:19.363"
"0","AGRICULTURE","Others","Others","Market Information","MAHARASHTRA","BEED","GEORAI","2019-01-23T11:50:29.703"
"0","HORTICULTURE","Vegetables","Brinjal","	Plant Protection	","MAHARASHTRA","BEED","MAJALGAON","2019-01-23T12:49:04.037"
"0","AGRICULTURE","Others","0","Weather","MAHARASHTRA","BEED","SHIRUR ( KA )","2019-01-23T13:14:00.037"
"0","AGRICULTURE","Millets","Pearl Millet (Bajra/Bulrush Millet/Spiked Millet)","Fertilizer Use and Availability","MAHARASHTRA","BEED","MAJALGAON","2019-01-23T14:47:38.687"
"0","AGRICULTURE","Others","Others","Weather","MAHARASHTRA","BEED","PATODA","2019-01-23T16:29:17.63"
"0","AGRICULTURE","Others","Others","Market Information","MAHARASHTRA","BEED","GEORAI","2019-01-23T16:58:02.49"
"0","AGRICULTURE","Others","0","Weather","MAHARASHTRA","BEED","WADWANI","2019-01-23T17:23:41.38"
"0","AGRICULTURE","Fiber Crops","Cotton (Kapas)","Market Information","MAHARASHTRA","BEED","BEED","2019-01-23T17:48:48.85"
"0","HORTICULTURE","Vegetables","Chillies","	Plant Protection	","MAHARASHTRA","BEED","BEED","2019-01-23T17:52:08.503"
"0","AGRICULTURE","Others","Others","Soil Testing","MAHARASHTRA","BEED","PARALI  V .","2019-01-23T18:54:25.813"
"0","AGRICULTURE","Others","Others","Soil Testing","MAHARASHTRA","BEED","PARALI  V .","2019-01-23T18:54:25.813"
"0","AGRICULTURE","Others","Others","Soil Testing","MAHARASHTRA","BEED","PARALI  V .","2019-01-23T18:54:25.813"
"0","AGRICULTURE","Others","Others","Soil Testing","MAHARASHTRA","BEED","PARALI  V .","2019-01-23T18:54:25.813"
"0","AGRICULTURE","Others","Others","Weather","MAHARASHTRA","BEED","WADWANI","2019-01-23T19:55:06.73"
"0","AGRICULTURE","Others","Others","Government Schemes","MAHARASHTRA","BEED","ASHTI","2019-01-23T20:26:15.313"
"0","AGRICULTURE","Others","Others","Bio-Pesticides and Bio-Fertilizers","MAHARASHTRA","BEED","AMBAJOGAI","2019-01-24T07:43:48.63"
"0","AGRICULTURE","Others","Others","Government Schemes","MAHARASHTRA","BEED","BEED","2019-01-24T10:15:35.613"
"0","HORTICULTURE","Fruits","Mango","Fertilizer Use and Availability","MAHARASHTRA","BEED","PATODA","2019-01-24T10:28:50.243"
"0","AGRICULTURE","Others","Others","Government Schemes","MAHARASHTRA","BEED","AMBAJOGAI","2019-01-24T10:54:40.21"
"0","AGRICULTURE","Others","Others","Cultural Practices","MAHARASHTRA","BEED","AMBAJOGAI","2019-01-24T10:58:39.94"
"0","AGRICULTURE","Millets","Sorghum (Jowar/Great Millet)","	Plant Protection	","MAHARASHTRA","BEED","AMBAJOGAI","2019-01-24T11:13:39.043"
"0","ANIMAL HUSBANDRY","Animal","Bovine(Cow,Buffalo)","Animal Production (Piggery, Goatery, Sheep Farming etc.)","MAHARASHTRA","BEED","GEORAI","2019-01-24T12:10:45.363"
"0","ANIMAL HUSBANDRY","Animal","Goat","Disease Management","MAHARASHTRA","BEED","GEORAI","2019-01-24T12:18:26.57"
"0","AGRICULTURE","Others","Others","Market Information","MAHARASHTRA","BEED","BEED","2019-01-24T13:21:01.18"
"0","AGRICULTURE","Others","0","Organic Farming","MAHARASHTRA","BEED","BEED","2019-01-24T13:24:56.26"
"0","AGRICULTURE","Others","Others","Crop Insurance","MAHARASHTRA","BEED","0   ","2019-01-24T13:46:43.69"
"0","AGRICULTURE","Others","Others","Weather","MAHARASHTRA","BEED","WADWANI","2019-01-24T14:10:26.917"
"0","AGRICULTURE","Others","Others","Weather","MAHARASHTRA","BEED","GEORAI","2019-01-24T15:00:52.043"
"0","AGRICULTURE","Others","Others","Weather","MAHARASHTRA","BEED","GEORAI","2019-01-24T15:10:55.223"
"0","HORTICULTURE","Fruits","Pomegranate","Water Management, Micro Irrigation","MAHARASHTRA","BEED","BEED","2019-01-24T15:33:11.933"
"0","AGRICULTURE","Others","Others","Weather","MAHARASHTRA","BEED","PARALI  V .","2019-01-24T15:43:12.48"
"0","AGRICULTURE","Sugar and Starch Crops","Sugarcane (Noble Cane)","Nutrient Management","MAHARASHTRA","BEED","GEORAI","2019-01-24T16:07:36.427"
"0","AGRICULTURE","Others","Others","Government Schemes","MAHARASHTRA","BEED","MAJALGAON","2019-01-24T16:21:18.28"
"0","AGRICULTURE","Others","Others","Weather","MAHARASHTRA","BEED","ASHTI","2019-01-24T16:34:38.323"
"0","AGRICULTURE","Pulses","Bengal Gram (Gram/Chick Pea/Kabuli/Chana)","	Plant Protection	","MAHARASHTRA","BEED","MAJALGAON","2019-01-24T16:45:19.137"
"0","AGRICULTURE","Others","Others","Market Information","MAHARASHTRA","BEED","MAJALGAON","2019-01-24T16:48:29.337"
"0","AGRICULTURE","Others","Others","Market Information","MAHARASHTRA","BEED","KAIJ","2019-01-24T16:55:32.087"
"0","AGRICULTURE","Others","Others","Weather","MAHARASHTRA","BEED","GEORAI","2019-01-24T17:03:41.42"
"0","AGRICULTURE","Others","Others","Weather","MAHARASHTRA","BEED","AMBAJOGAI","2019-01-24T17:04:17.707"
"0","AGRICULTURE","Pulses","Bengal Gram (Gram/Chick Pea/Kabuli/Chana)","Bio-Pesticides and Bio-Fertilizers","MAHARASHTRA","BEED","MAJALGAON","2019-01-24T17:12:26.137"
"0","AGRICULTURE","Others","Others","Crop Insurance","MAHARASHTRA","BEED","AMBAJOGAI","2019-01-24T17:13:43.373"
"0","AGRICULTURE","Others","Others","Crop Insurance","MAHARASHTRA","BEED","AMBAJOGAI","2019-01-24T17:13:43.483"
"0","AGRICULTURE","Others","Others","Crop Insurance","MAHARASHTRA","BEED","AMBAJOGAI","2019-01-24T17:16:03.37"
"0","AGRICULTURE","Others","Others","Weather","MAHARASHTRA","BEED","AMBAJOGAI","2019-01-24T17:38:26.95"
"0","AGRICULTURE","Pulses","Pigeon pea (red gram/arhar/tur)","Market Information","MAHARASHTRA","BEED","GEORAI","2019-01-25T07:22:14.907"
"0","AGRICULTURE","Others","Others","Weather","MAHARASHTRA","BEED","GEORAI","2019-01-25T07:30:59.293"
"0","HORTICULTURE","Fruits","Lemon","Fertilizer Use and Availability","MAHARASHTRA","BEED","WADWANI","2019-01-25T07:42:28.267"
"0","AGRICULTURE","Others","Others","Government Schemes","MAHARASHTRA","BEED","AMBAJOGAI","2019-01-25T08:14:42.917"
"0","AGRICULTURE","Others","Others","Government Schemes","MAHARASHTRA","BEED","AMBAJOGAI","2019-01-25T09:17:19.633"
"0","AGRICULTURE","Others","Others","Government Schemes","MAHARASHTRA","BEED","BEED","2019-01-25T09:26:50.4"
"0","AGRICULTURE","Oilseeds","Soybean (bhat)","Market Information","MAHARASHTRA","BEED","AMBAJOGAI","2019-01-25T09:28:05.86"
"0","AGRICULTURE","Others","Others","Government Schemes","MAHARASHTRA","BEED","BEED","2019-01-25T09:42:48.163"
"0","AGRICULTURE","Others","Others","Organic Farming","MAHARASHTRA","BEED","ASHTI","2019-01-25T10:13:34.987"
"0","AGRICULTURE","Others","Others","Weather","MAHARASHTRA","BEED","BEED","2019-01-25T11:43:19.543"
"0","AGRICULTURE","Fiber Crops","Cotton (Kapas)","Market Information","MAHARASHTRA","BEED","DHARUR","2019-01-25T11:48:24.013"
"0","AGRICULTURE","Others","Others","Weather","MAHARASHTRA","BEED","AMBAJOGAI","2019-01-25T12:35:21.96"
"0","AGRICULTURE","Others","Others","Government Schemes","MAHARASHTRA","BEED","GEORAI","2019-01-25T12:41:31.827"
"0","AGRICULTURE","Others","Others","Weather","MAHARASHTRA","BEED","GEORAI","2019-01-25T12:54:55.91"
"0","HORTICULTURE","Fruits","Papaya","Seeds and Planting Material","MAHARASHTRA","BEED","GEORAI","2019-01-25T13:10:16.607"
"0","AGRICULTURE","Others","Others","Weather","MAHARASHTRA","BEED","WADWANI","2019-01-25T13:16:59.81"
"0","AGRICULTURE","Others","Others","Weather","MAHARASHTRA","BEED","WADWANI","2019-01-25T13:21:12.893"
"0","AGRICULTURE","Sugar and Starch Crops","Sugarcane (Noble Cane)","Fertilizer Use and Availability","MAHARASHTRA","BEED","MAJALGAON","2019-01-25T13:28:42.637"
"0","HORTICULTURE","Vegetables","Brinjal","	Plant Protection	","MAHARASHTRA","BEED","AMBAJOGAI","2019-01-25T13:47:22.283"
"0","HORTICULTURE","Vegetables","Brinjal","Nutrient Management","MAHARASHTRA","BEED","AMBAJOGAI","2019-01-25T13:59:57.647"
"0","AGRICULTURE","Others","Others","Weather","MAHARASHTRA","BEED","GEORAI","2019-01-25T14:30:59.54"
"0","HORTICULTURE","Fruits","Melon","	Plant Protection	","MAHARASHTRA","BEED","BEED","2019-01-25T15:16:24.453"
"0","AGRICULTURE","Others","Others","Market Information","MAHARASHTRA","BEED","GEORAI","2019-01-25T15:18:39.147"
"0","AGRICULTURE","Pulses","Bengal Gram (Gram/Chick Pea/Kabuli/Chana)","	Plant Protection	","MAHARASHTRA","BEED","MAJALGAON","2019-01-25T15:29:52.72"
"0","AGRICULTURE","Others","Others","Government Schemes","MAHARASHTRA","BEED","MAJALGAON","2019-01-25T15:30:52.673"
"0","AGRICULTURE","Others","Others","Government Schemes","MAHARASHTRA","BEED","MAJALGAON","2019-01-25T15:32:27.21"
"0","HORTICULTURE","Vegetables","Brinjal","	Plant Protection	","MAHARASHTRA","BEED","DHARUR","2019-01-25T15:36:54.16"
"0","AGRICULTURE","Others","Others","Weather","MAHARASHTRA","BEED","MAJALGAON","2019-01-25T15:42:58.477"
"0","AGRICULTURE","Others","Others","Varieties","MAHARASHTRA","BEED","MAJALGAON","2019-01-25T15:44:09.987"
"0","AGRICULTURE","Others","Others","Weather","MAHARASHTRA","BEED","MAJALGAON","2019-01-25T15:45:14.667"
"0","HORTICULTURE","Fruits","Mango","Fertilizer Use and Availability","MAHARASHTRA","BEED","KAIJ","2019-01-25T15:53:41.72"
"0","AGRICULTURE","Others","Others","Weather","MAHARASHTRA","BEED","AMBAJOGAI","2019-01-25T17:00:35"
"0","AGRICULTURE","Others","Others","Weather","MAHARASHTRA","BEED","ASHTI","2019-01-25T17:19:11.963"
"0","AGRICULTURE","Others","Others","Weather","MAHARASHTRA","BEED","GEORAI","2019-01-25T17:20:16.61"
"0","HORTICULTURE","Vegetables","Pumpkin","Cultural Practices","MAHARASHTRA","BEED","MAJALGAON","2019-01-25T18:18:14.927"
"0","HORTICULTURE","Fruits","Mango","	Plant Protection	","MAHARASHTRA","BEED","AMBAJOGAI","2019-01-25T18:48:27.897"
"0","AGRICULTURE","Others","Others","Weather","MAHARASHTRA","BEED","AMBAJOGAI","2019-01-25T18:49:54.523"
"0","AGRICULTURE","Others","Others","Weather","MAHARASHTRA","BEED","BEED","2019-01-25T19:04:45.8"
"0","HORTICULTURE","Vegetables","Tomato","	Plant Protection	","MAHARASHTRA","BEED","BEED","2019-01-25T20:25:54.69"
"0","AGRICULTURE","Others","Others","Weather","MAHARASHTRA","BEED","BEED","2019-01-25T20:38:26.677"
"0","AGRICULTURE","Oilseeds","Soybean (bhat)","Market Information","MAHARASHTRA","BEED","AMBAJOGAI","2019-01-25T20:42:34.237"
"0","AGRICULTURE","Others","Others","Market Information","MAHARASHTRA","BEED","AMBAJOGAI","2019-01-25T21:20:33.287"
"0","AGRICULTURE","Others","Others","Weather","MAHARASHTRA","BEED","BEED","2019-01-25T21:46:08.54"
"0","HORTICULTURE","Fruits","Mango","	Plant Protection	","MAHARASHTRA","BEED","KAIJ","2019-01-26T07:02:46.76"
"0","AGRICULTURE","Others","Others","Weather","MAHARASHTRA","BEED","AMBAJOGAI","2019-01-26T08:00:06.683"
"0","AGRICULTURE","Others","Others","Weather","MAHARASHTRA","BEED","AMBAJOGAI","2019-01-26T08:00:07.353"
"0","AGRICULTURE","Others","Others","Weather","MAHARASHTRA","BEED","WADWANI","2019-01-26T08:10:43.3"
"0","AGRICULTURE","Others","Others","Weather","MAHARASHTRA","BEED","WADWANI","2019-01-26T08:11:59.57"
"0","AGRICULTURE","Others","Others","Weather","MAHARASHTRA","BEED","PARALI  V .","2019-01-26T08:40:27.067"
"0","AGRICULTURE","Others","Others","Weather","MAHARASHTRA","BEED","PARALI  V .","2019-01-26T08:57:34.983"
"0","AGRICULTURE","Others","Others","Weather","MAHARASHTRA","BEED","PARALI  V .","2019-01-26T08:58:44.53"
"0","AGRICULTURE","Others","Others","Weather","MAHARASHTRA","BEED","PARALI  V .","2019-01-26T09:00:20.393"
"0","AGRICULTURE","Others","Others","Weather","MAHARASHTRA","BEED","WADWANI","2019-01-26T09:03:37.83"
"0","AGRICULTURE","Others","Others","Weather","MAHARASHTRA","BEED","WADWANI","2019-01-26T09:08:37.777"
"0","HORTICULTURE","Vegetables","Cabbage","Cultural Practices","MAHARASHTRA","BEED","PATODA","2019-01-26T09:16:45.97"
"0","HORTICULTURE","Vegetables","Chillies","Seeds and Planting Material","MAHARASHTRA","BEED","MAJALGAON","2019-01-26T09:25:36.02"
"0","AGRICULTURE","Others","Others","Weather","MAHARASHTRA","BEED","BEED","2019-01-26T09:49:52.98"
"0","AGRICULTURE","Others","Others","Weather","MAHARASHTRA","BEED","GEORAI","2019-01-26T10:11:55.663"
"0","AGRICULTURE","Others","Others","Weather","MAHARASHTRA","BEED","MAJALGAON","2019-01-26T10:22:11.42"
"0","AGRICULTURE","Others","Others","Market Information","MAHARASHTRA","BEED","GEORAI","2019-01-26T10:45:20.767"
"0","HORTICULTURE","Fruits","Lemon","Fertilizer Use and Availability","MAHARASHTRA","BEED","ASHTI","2019-01-26T10:47:49.84"
"0","HORTICULTURE","Vegetables","Onion","Fertilizer Use and Availability","MAHARASHTRA","BEED","BEED","2019-01-26T10:50:21.227"
"0","AGRICULTURE","Others","Others","Weather","MAHARASHTRA","BEED","PARALI  V .","2019-01-26T11:37:53.44"
"0","HORTICULTURE","Condiments and Spices","Garlic","Nutrient Management","MAHARASHTRA","BEED","PARALI  V .","2019-01-26T11:39:46.277"
"0","HORTICULTURE","Vegetables","Bitter Gourd","Vegetative Propagation and Tissue Culture","MAHARASHTRA","BEED","BEED","2019-01-26T12:31:08.237"
"0","HORTICULTURE","Fruits","Mango","Fertilizer Use and Availability","MAHARASHTRA","BEED","BEED","2019-01-26T12:32:15.41"
"0","AGRICULTURE","Others","Others","Weather","MAHARASHTRA","BEED","ASHTI","2019-01-26T14:19:43.953"
"0","HORTICULTURE","Vegetables","Tomato","	Plant Protection	","MAHARASHTRA","BEED","PATODA","2019-01-26T14:32:48.57"
"0","AGRICULTURE","Others","Others","Weather","MAHARASHTRA","BEED","MAJALGAON","2019-01-26T14:58:35.74"
"0","AGRICULTURE","Pulses","Bengal Gram (Gram/Chick Pea/Kabuli/Chana)","Fertilizer Use and Availability","MAHARASHTRA","BEED","MAJALGAON","2019-01-26T15:11:33.397"
"0","AGRICULTURE","Vegetables","Onion","Market Information","MAHARASHTRA","BEED","KAIJ","2019-01-26T15:37:25.403"
"0","AGRICULTURE","Others","Others","Weather","MAHARASHTRA","BEED","KAIJ","2019-01-26T15:43:06.677"
"0","AGRICULTURE","Others","Others","Weather","MAHARASHTRA","BEED","WADWANI","2019-01-26T16:08:29.9"
"0","AGRICULTURE","Fiber Crops","Cotton (Kapas)","Market Information","MAHARASHTRA","BEED","GEORAI","2019-01-26T16:11:17.747"
"0","HORTICULTURE","Fruits","Mango","	Plant Protection	","MAHARASHTRA","BEED","AMBAJOGAI","2019-01-26T16:20:30.697"
"0","AGRICULTURE","Others","Others","Weather","MAHARASHTRA","BEED","PARALI  V .","2019-01-26T16:26:05.243"
"0","AGRICULTURE","Others","Others","Weather","MAHARASHTRA","BEED","AMBAJOGAI","2019-01-26T17:01:59.923"
"0","AGRICULTURE","Fiber Crops","Cotton (Kapas)","Market Information","MAHARASHTRA","BEED","GEORAI","2019-01-26T17:09:29.727"
"0","AGRICULTURE","Others","Others","Government Schemes","MAHARASHTRA","BEED","BEED","2019-01-26T17:25:15.04"
"0","AGRICULTURE","Others","Others","Weather","MAHARASHTRA","BEED","AMBAJOGAI","2019-01-26T17:55:43.657"
"0","AGRICULTURE","Others","Others","Weather","MAHARASHTRA","BEED","ASHTI","2019-01-26T18:07:20.693"
"0","AGRICULTURE","Others","Others","Weather","MAHARASHTRA","BEED","AMBAJOGAI","2019-01-26T18:39:47.467"
"0","AGRICULTURE","Others","Others","Weather","MAHARASHTRA","BEED","GEORAI","2019-01-26T18:46:12.153"
"0","AGRICULTURE","Others","Others","Weather","MAHARASHTRA","BEED","WADWANI","2019-01-26T19:33:10.077"
"0","AGRICULTURE","Others","Others","Weather","MAHARASHTRA","BEED","BEED","2019-01-26T19:35:26.797"
"0","AGRICULTURE","Others","Others","Weather","MAHARASHTRA","BEED","BEED","2019-01-26T19:38:38.277"
"0","AGRICULTURE","Others","Others","Weather","MAHARASHTRA","BEED","WADWANI","2019-01-26T20:07:03.883"
"0","AGRICULTURE","Others","Others","Weather","MAHARASHTRA","BEED","WADWANI","2019-01-26T20:07:37.08"
"0","AGRICULTURE","Others","Others","Government Schemes","MAHARASHTRA","BEED","ASHTI","2019-01-26T20:59:00.29"
"0","AGRICULTURE","Others","Others","Weather","MAHARASHTRA","BEED","WADWANI","2019-01-27T08:14:30.567"
"0","AGRICULTURE","Others","Others","Weather","MAHARASHTRA","BEED","WADWANI","2019-01-27T08:23:21.413"
"0","AGRICULTURE","Others","Others","Weather","MAHARASHTRA","BEED","WADWANI","2019-01-27T08:24:29.337"
"0","AGRICULTURE","Others","Others","Weather","MAHARASHTRA","BEED","MAJALGAON","2019-01-27T08:25:29.023"
"0","AGRICULTURE","Others","Others","Soil Health Card","MAHARASHTRA","BEED","MAJALGAON","2019-01-27T08:27:29.973"
"0","AGRICULTURE","Sugar and Starch Crops","Sugarcane (Noble Cane)","Fertilizer Use and Availability","MAHARASHTRA","BEED","MAJALGAON","2019-01-27T08:38:14.03"
"0","HORTICULTURE","Fruits","Mango","	Plant Protection	","MAHARASHTRA","BEED","SHIRUR ( KA )","2019-01-27T08:53:25.443"
"0","HORTICULTURE","Flowers","Marigold","Nutrient Management","MAHARASHTRA","BEED","MAJALGAON","2019-01-27T08:54:40.59"
"0","AGRICULTURE","Others","Others","Weather","MAHARASHTRA","BEED","WADWANI","2019-01-27T09:33:20.67"
"0","AGRICULTURE","Vegetables","Onion","Market Information","MAHARASHTRA","BEED","ASHTI","2019-01-27T09:55:25.447"
"0","AGRICULTURE","Others","Others","Weather","MAHARASHTRA","BEED","GEORAI","2019-01-27T10:01:01.99"
"0","HORTICULTURE","Fruits","Mango","Fertilizer Use and Availability","MAHARASHTRA","BEED","ASHTI","2019-01-27T10:22:18.997"
"0","HORTICULTURE","Fruits","Mango","Fertilizer Use and Availability","MAHARASHTRA","BEED","ASHTI","2019-01-27T10:22:29.84"
"0","HORTICULTURE","Fruits","Pomegranate","Seeds and Planting Material","MAHARASHTRA","BEED","ASHTI","2019-01-27T10:51:05.4"
"0","AGRICULTURE","Others","Others","Weather","MAHARASHTRA","BEED","GEORAI","2019-01-27T11:01:33.5"
"0","AGRICULTURE","Others","0","Weather","MAHARASHTRA","BEED","GEORAI","2019-01-27T11:12:45.217"
"0","AGRICULTURE","Others","Others","Weather","MAHARASHTRA","BEED","BEED","2019-01-27T11:16:02.06"
"0","AGRICULTURE","Others","Others","Weather","MAHARASHTRA","BEED","GEORAI","2019-01-27T11:18:36.457"
"0","HORTICULTURE","Fruits","Mango","	Plant Protection	","MAHARASHTRA","BEED","WADWANI","2019-01-27T11:22:59.693"
"0","HORTICULTURE","Vegetables","Onion","	Plant Protection	","MAHARASHTRA","BEED","DHARUR","2019-01-27T12:25:06.833"
"0","AGRICULTURE","Pulses","Pigeon pea (red gram/arhar/tur)","Market Information","MAHARASHTRA","BEED","GEORAI","2019-01-27T12:29:40.29"
"0","AGRICULTURE","Fiber Crops","Cotton (Kapas)","Market Information","MAHARASHTRA","BEED","BEED","2019-01-27T12:58:25.51"
"0","HORTICULTURE","Fruits","Melon","Fertilizer Use and Availability","MAHARASHTRA","BEED","GEORAI","2019-01-27T13:42:25.963"
"0","AGRICULTURE","Others","Others","Weather","MAHARASHTRA","BEED","SHIRUR ( KA )","2019-01-27T13:59:16.643"
"0","HORTICULTURE","Fruits","Mango","Nutrient Management","MAHARASHTRA","BEED","AMBAJOGAI","2019-01-27T14:32:34.103"
"0","AGRICULTURE","Others","Others","Weather","MAHARASHTRA","BEED","PATODA","2019-01-27T15:30:06.507"
"0","AGRICULTURE","Others","Others","Weather","MAHARASHTRA","BEED","BEED","2019-01-27T15:34:56.25"
"0","AGRICULTURE","Others","Others","Weather","MAHARASHTRA","BEED","AMBAJOGAI","2019-01-27T15:43:40.793"
"0","HORTICULTURE","Condiments and Spices","Turmeric","Field Preparation","MAHARASHTRA","BEED","MAJALGAON","2019-01-27T15:46:46.84"
"0","HORTICULTURE","Condiments and Spices","Turmeric","Field Preparation","MAHARASHTRA","BEED","MAJALGAON","2019-01-27T15:46:48.043"
"0","HORTICULTURE","Condiments and Spices","Turmeric","Field Preparation","MAHARASHTRA","BEED","MAJALGAON","2019-01-27T15:47:02.503"
"0","HORTICULTURE","Condiments and Spices","Turmeric","Field Preparation","MAHARASHTRA","BEED","MAJALGAON","2019-01-27T15:47:03.58"
"0","AGRICULTURE","Others","Others","Seeds","MAHARASHTRA","BEED","PARALI  V .","2019-01-27T15:49:04.25"
"0","HORTICULTURE","Condiments and Spices","Turmeric","Field Preparation","MAHARASHTRA","BEED","MAJALGAON","2019-01-27T15:49:42.687"
"0","AGRICULTURE","Others","Others","Weather","MAHARASHTRA","BEED","BEED","2019-01-27T16:00:39.583"
"0","AGRICULTURE","Pulses","Black Gram (urd bean)","Organic Farming","MAHARASHTRA","BEED","AMBAJOGAI","2019-01-27T16:20:00.743"
"0","AGRICULTURE","Others","Others","Weather","MAHARASHTRA","BEED","GEORAI","2019-01-27T20:15:28.277"
"0","AGRICULTURE","Others","Others","Weather","MAHARASHTRA","BEED","PARALI  V .","2019-01-28T07:40:33.423"
"0","AGRICULTURE","Others","Others","Weather","MAHARASHTRA","BEED","AMBAJOGAI","2019-01-28T08:11:58.293"
"0","AGRICULTURE","Others","Others","Weather","MAHARASHTRA","BEED","ASHTI","2019-01-28T08:31:51.28"
"0","HORTICULTURE","Fruits","Mango","Fertilizer Use and Availability","MAHARASHTRA","BEED","ASHTI","2019-01-28T08:35:46.56"
"0","AGRICULTURE","Pulses","Pigeon pea (red gram/arhar/tur)","Market Information","MAHARASHTRA","BEED","GEORAI","2019-01-28T09:53:05.817"
"0","AGRICULTURE","Oilseeds","Sesame (Gingelly/Til)/Sesamum","Weed Management","MAHARASHTRA","BEED","PARALI  V .","2019-01-28T10:16:14.57"
"0","AGRICULTURE","Others","Others","Bio-Pesticides and Bio-Fertilizers","MAHARASHTRA","BEED","GEORAI","2019-01-28T11:47:15.477"
"0","AGRICULTURE","Fodder Crops","Other","	Plant Protection	","MAHARASHTRA","BEED","GEORAI","2019-01-28T11:55:05.263"
"0","AGRICULTURE","Others","Others","Field Preparation","MAHARASHTRA","BEED","ASHTI","2019-01-28T12:03:27.98"
"0","AGRICULTURE","Others","Others","Market Information","MAHARASHTRA","BEED","GEORAI","2019-01-28T12:05:53.797"
"0","AGRICULTURE","Others","Others","Weather","MAHARASHTRA","BEED","GEORAI","2019-01-28T15:41:01.823"
"0","HORTICULTURE","0","0","0","MAHARASHTRA","BEED","ASHTI","2019-01-28T16:09:27.243"
"0","HORTICULTURE","Fruits","Acid Lime","Fertilizer Use and Availability","MAHARASHTRA","BEED","GEORAI","2019-01-28T16:55:01.99"
"0","AGRICULTURE","Fodder Crops","fodder sorghum","	Plant Protection	","MAHARASHTRA","BEED","PARALI  V .","2019-01-28T17:32:52.31"
"0","AGRICULTURE","Others","Others","Government Schemes","MAHARASHTRA","BEED","GEORAI","2019-01-28T18:10:18.08"
"0","AGRICULTURE","Others","Others","Weather","MAHARASHTRA","BEED","ASHTI","2019-01-28T18:10:22.68"
"0","AGRICULTURE","Others","Others","Government Schemes","MAHARASHTRA","BEED","DHARUR","2019-01-28T19:31:55.207"
"0","AGRICULTURE","Others","Others","Weather","MAHARASHTRA","BEED","ASHTI","2019-01-28T19:39:24.79"
"0","HORTICULTURE","Fruits","Pomegranate","Seeds and Planting Material","MAHARASHTRA","BEED","ASHTI","2019-01-28T20:11:33.283"
"0","HORTICULTURE","Fruits","Melon","Fertilizer Use and Availability","MAHARASHTRA","BEED","BEED","2019-01-28T20:22:54.327"
"0","AGRICULTURE","Others","Others","Market Information","MAHARASHTRA","BEED","BEED","2019-01-28T21:18:59.26"
"0","AGRICULTURE","Others","Others","Weather","MAHARASHTRA","BEED","WADWANI","2019-01-29T09:01:28.01"
"0","AGRICULTURE","Others","Others","Government Schemes","MAHARASHTRA","BEED","PATODA","2019-01-29T10:13:49.313"
"0","HORTICULTURE","Vegetables","French Bean","Cultural Practices","MAHARASHTRA","BEED","ASHTI","2019-01-29T10:36:03.59"
"0","AGRICULTURE","0","0","Weather","MAHARASHTRA","BEED","GEORAI","2019-01-29T11:43:14.107"
"0","AGRICULTURE","Others","Others","Market Information","MAHARASHTRA","BEED","SHIRUR ( KA )","2019-01-29T11:45:59.017"
"0","AGRICULTURE","Others","Others","Market Information","MAHARASHTRA","BEED","SHIRUR ( KA )","2019-01-29T11:45:59.783"
"0","AGRICULTURE","Others","Others","Market Information","MAHARASHTRA","BEED","SHIRUR ( KA )","2019-01-29T11:46:00.657"
"0","AGRICULTURE","Others","Others","Government Schemes","MAHARASHTRA","BEED","GEORAI","2019-01-29T12:38:36.683"
"0","HORTICULTURE","Fruits","Mango","	Plant Protection	","MAHARASHTRA","BEED","BEED","2019-01-29T12:58:28.84"
"0","AGRICULTURE","Others","Others","Government Schemes","MAHARASHTRA","BEED","PATODA","2019-01-29T13:53:32.107"
"0","AGRICULTURE","Others","Others","Market Information","MAHARASHTRA","BEED","BEED","2019-01-29T14:03:26.49"
"0","AGRICULTURE","Others","Others","Market Information","MAHARASHTRA","BEED","SHIRUR ( KA )","2019-01-29T14:08:32.18"
"0","AGRICULTURE","Millets","Maize (Makka)","Fertilizer Use and Availability","MAHARASHTRA","BEED","MAJALGAON","2019-01-29T14:30:33.74"
"0","HORTICULTURE","Vegetables","Tomato","Fertilizer Use and Availability","MAHARASHTRA","BEED","BEED","2019-01-29T14:56:54.78"
"0","HORTICULTURE","Vegetables","Onion","Training and Exposure Visits","MAHARASHTRA","BEED","GEORAI","2019-01-29T15:05:10.497"
"0","AGRICULTURE","Pulses","Bengal Gram (Gram/Chick Pea/Kabuli/Chana)","	Plant Protection	","MAHARASHTRA","BEED","MAJALGAON","2019-01-29T15:30:13.8"
"0","AGRICULTURE","Others","Others","Government Schemes","MAHARASHTRA","BEED","GEORAI","2019-01-29T15:33:05.28"
"0","HORTICULTURE","Fruits","Melon","Vegetative Propagation and Tissue Culture","MAHARASHTRA","BEED","GEORAI","2019-01-29T15:56:40.77"
"0","HORTICULTURE","Vegetables","Watermelon","	Plant Protection	","MAHARASHTRA","BEED","PATODA","2019-01-29T16:42:45.803"
"0","AGRICULTURE","Others","Others","Government Schemes","MAHARASHTRA","BEED","ASHTI","2019-01-29T17:07:12.337"
"0","HORTICULTURE","Fruits","Mango","	Plant Protection	","MAHARASHTRA","BEED","BEED","2019-01-29T17:17:43.79"
"0","AGRICULTURE","Millets","Maize (Makka)","	Plant Protection	","MAHARASHTRA","BEED","GEORAI","2019-01-29T17:30:06.627"
"0","AGRICULTURE","Others","Others","	Plant Protection	","MAHARASHTRA","BEED","BEED","2019-01-29T17:58:20.27"
"0","AGRICULTURE","Others","Others","Market Information","MAHARASHTRA","BEED","GEORAI","2019-01-29T18:04:51.183"
"0","AGRICULTURE","Others","Others","Government Schemes","MAHARASHTRA","BEED","BEED","2019-01-29T18:10:02.69"
"0","AGRICULTURE","Others","0","Weather","MAHARASHTRA","BEED","WADWANI","2019-01-30T07:26:58.067"
"0","AGRICULTURE","Others","Others","Weather","MAHARASHTRA","BEED","WADWANI","2019-01-30T08:47:04.183"
"0","AGRICULTURE","Others","Others","Weather","MAHARASHTRA","BEED","WADWANI","2019-01-30T08:51:22.943"
"0","AGRICULTURE","Fiber Crops","Cotton (Kapas)","Market Information","MAHARASHTRA","BEED","GEORAI","2019-01-30T09:54:52.62"
"0","HORTICULTURE","Vegetables","Onion","	Plant Protection	","MAHARASHTRA","BEED","GEORAI","2019-01-30T10:34:31.13"
"0","AGRICULTURE","Fiber Crops","Cotton (Kapas)","Market Information","MAHARASHTRA","BEED","KAIJ","2019-01-30T10:54:29.637"
"0","AGRICULTURE","Others","Others","Weather","MAHARASHTRA","BEED","AMBAJOGAI","2019-01-30T11:01:52.42"
"0","AGRICULTURE","Others","Others","Weather","MAHARASHTRA","BEED","AMBAJOGAI","2019-01-30T11:01:52.42"
"0","AGRICULTURE","Others","Others","Weather","MAHARASHTRA","BEED","AMBAJOGAI","2019-01-30T11:01:52.42"
"0","AGRICULTURE","Others","Others","Market Information","MAHARASHTRA","BEED","BEED","2019-01-30T12:56:18.723"
"0","AGRICULTURE","Others","Others","Market Information","MAHARASHTRA","BEED","BEED","2019-01-30T12:56:18.723"
"0","AGRICULTURE","Others","Others","Market Information","MAHARASHTRA","BEED","BEED","2019-01-30T12:56:18.723"
"0","AGRICULTURE","Others","Others","Market Information","MAHARASHTRA","BEED","BEED","2019-01-30T12:56:18.723"
"0","AGRICULTURE","Others","Others","Market Information","MAHARASHTRA","BEED","BEED","2019-01-30T12:56:18.723"
"0","AGRICULTURE","Others","Others","Market Information","MAHARASHTRA","BEED","BEED","2019-01-30T12:56:18.723"
"0","AGRICULTURE","Others","Others","Market Information","MAHARASHTRA","BEED","BEED","2019-01-30T12:56:18.863"
"0","AGRICULTURE","Others","Others","Market Information","MAHARASHTRA","BEED","BEED","2019-01-30T12:56:18.863"
"0","AGRICULTURE","Others","Others","Market Information","MAHARASHTRA","BEED","BEED","2019-01-30T12:56:18.893"
"0","AGRICULTURE","Others","Others","Market Information","MAHARASHTRA","BEED","BEED","2019-01-30T12:56:18.927"
"0","AGRICULTURE","Others","Others","Market Information","MAHARASHTRA","BEED","BEED","2019-01-30T12:56:18.957"
"0","AGRICULTURE","Others","Others","Market Information","MAHARASHTRA","BEED","BEED","2019-01-30T12:56:18.973"
"0","AGRICULTURE","Others","Others","Market Information","MAHARASHTRA","BEED","BEED","2019-01-30T12:56:19.033"
"0","AGRICULTURE","Others","Others","Market Information","MAHARASHTRA","BEED","BEED","2019-01-30T12:56:19.067"
"0","AGRICULTURE","Others","Others","Market Information","MAHARASHTRA","BEED","BEED","2019-01-30T12:56:19.08"
"0","AGRICULTURE","Others","Others","Market Information","MAHARASHTRA","BEED","BEED","2019-01-30T12:56:19.177"
"0","AGRICULTURE","Others","Others","Market Information","MAHARASHTRA","BEED","BEED","2019-01-30T12:56:19.27"
"0","AGRICULTURE","Others","Others","Market Information","MAHARASHTRA","BEED","BEED","2019-01-30T12:56:19.27"
"0","AGRICULTURE","Others","Others","Market Information","MAHARASHTRA","BEED","BEED","2019-01-30T12:56:19.3"
"0","AGRICULTURE","Others","Others","Market Information","MAHARASHTRA","BEED","BEED","2019-01-30T12:56:19.3"
"0","AGRICULTURE","Others","Others","Market Information","MAHARASHTRA","BEED","BEED","2019-01-30T12:56:19.317"
"0","AGRICULTURE","Others","Others","Market Information","MAHARASHTRA","BEED","BEED","2019-01-30T12:57:51.73"
"0","AGRICULTURE","Others","Others","Market Information","MAHARASHTRA","BEED","BEED","2019-01-30T12:57:51.73"
"0","AGRICULTURE","Others","Others","Market Information","MAHARASHTRA","BEED","BEED","2019-01-30T12:57:51.73"
"0","AGRICULTURE","Others","Others","Weather","MAHARASHTRA","BEED","GEORAI","2019-01-30T12:59:14.74"
"0","AGRICULTURE","Others","Others","Weather","MAHARASHTRA","BEED","GEORAI","2019-01-30T12:59:14.74"
"0","AGRICULTURE","Others","Others","Weather","MAHARASHTRA","BEED","GEORAI","2019-01-30T12:59:14.74"
"0","AGRICULTURE","Others","Others","Weather","MAHARASHTRA","BEED","GEORAI","2019-01-30T12:59:14.74"
"0","AGRICULTURE","Others","Others","Weather","MAHARASHTRA","BEED","GEORAI","2019-01-30T12:59:14.74"
"0","AGRICULTURE","Others","Others","Weather","MAHARASHTRA","BEED","GEORAI","2019-01-30T12:59:14.74"
"0","AGRICULTURE","Others","Others","Weather","MAHARASHTRA","BEED","GEORAI","2019-01-30T12:59:14.897"
"0","AGRICULTURE","Others","Others","Weather","MAHARASHTRA","BEED","GEORAI","2019-01-30T12:59:14.913"
"0","AGRICULTURE","Others","Others","Weather","MAHARASHTRA","BEED","GEORAI","2019-01-30T13:17:38.477"
"0","AGRICULTURE","Others","Others","Government Schemes","MAHARASHTRA","BEED","KAIJ","2019-01-30T14:47:31.053"
"0","AGRICULTURE","Others","Others","Government Schemes","MAHARASHTRA","BEED","KAIJ","2019-01-30T14:48:53.687"
"0","HORTICULTURE","Fruits","Banana","Fertilizer Use and Availability","MAHARASHTRA","BEED","GEORAI","2019-01-30T16:07:27.637"
"0","HORTICULTURE","Vegetables","Bhindi(Okra/Ladysfinger)","	Plant Protection	","MAHARASHTRA","BEED","DHARUR","2019-01-30T16:40:28.387"
"0","ANIMAL HUSBANDRY","Animal","POULTRY  FARM ","Disease Management","MAHARASHTRA","BEED","AMBAJOGAI","2019-01-30T16:50:37.767"
"0","AGRICULTURE","Others","Others","Weather","MAHARASHTRA","BEED","ASHTI","2019-01-30T17:27:31.35"
"0","AGRICULTURE","Others","Others","Weather","MAHARASHTRA","BEED","ASHTI","2019-01-30T17:45:25.1"
"0","HORTICULTURE","Fruits","Citrus","	Plant Protection	","MAHARASHTRA","BEED","ASHTI","2019-01-30T17:45:53.137"
"0","HORTICULTURE","Vegetables","Drum Stick","Cultural Practices","MAHARASHTRA","BEED","ASHTI","2019-01-30T17:48:49.56"
"0","AGRICULTURE","Others","Others","Weather","MAHARASHTRA","BEED","ASHTI","2019-01-30T18:03:01.77"
"0","AGRICULTURE","Others","Others","Market Information","MAHARASHTRA","BEED","SHIRUR ( KA )","2019-01-30T18:38:08.51"
"0","AGRICULTURE","Oilseeds","Soybean (bhat)","Market Information","MAHARASHTRA","BEED","PARALI  V .","2019-01-30T19:36:00.167"
"0","AGRICULTURE","Others","Others","Weather","MAHARASHTRA","BEED","ASHTI","2019-01-30T20:31:22.197"
"0","AGRICULTURE","Others","Others","Weather","MAHARASHTRA","BEED","ASHTI","2019-01-30T20:31:22.213"
"0","AGRICULTURE","Others","Others","Weather","MAHARASHTRA","BEED","WADWANI","2019-01-31T08:41:28.02"
"0","AGRICULTURE","Others","Others","Weather","MAHARASHTRA","BEED","PATODA","2019-01-31T08:53:54.51"
"0","AGRICULTURE","Others","Others","Government Schemes","MAHARASHTRA","BEED","BEED","2019-01-31T08:57:12.883"
"0","AGRICULTURE","Others","Others","Market Information","MAHARASHTRA","BEED","GEORAI","2019-01-31T09:08:04.973"
"0","AGRICULTURE","Others","Others","Weather","MAHARASHTRA","BEED","WADWANI","2019-01-31T09:08:22.65"
"0","AGRICULTURE","Others","Others","Government Schemes","MAHARASHTRA","BEED","BEED","2019-01-31T09:27:06.557"
"0","AGRICULTURE","Others","Others","Weather","MAHARASHTRA","BEED","KAIJ","2019-01-31T11:46:24.62"
"0","HORTICULTURE","Vegetables","Watermelon","	Plant Protection	","MAHARASHTRA","BEED","WADWANI","2019-01-31T12:03:33.597"
"0","AGRICULTURE","Others","Others","Government Schemes","MAHARASHTRA","BEED","PARALI  V .","2019-01-31T12:44:23.167"
"0","AGRICULTURE","Others","Others","Market Information","MAHARASHTRA","BEED","SHIRUR ( KA )","2019-01-31T14:20:40.977"
"0","AGRICULTURE","Others","Others","Weather","MAHARASHTRA","BEED","SHIRUR ( KA )","2019-01-31T14:25:28.193"
"0","ANIMAL HUSBANDRY","Animal","POULTRY  FARM ","Disease Reporting","MAHARASHTRA","BEED","AMBAJOGAI","2019-01-31T14:25:29.957"
"0","AGRICULTURE","Others","Others","Government Schemes","MAHARASHTRA","BEED","BEED","2019-01-31T14:37:57.787"
"0","AGRICULTURE","Others","Others","Weather","MAHARASHTRA","BEED","ASHTI","2019-01-31T14:41:34.503"
"0","AGRICULTURE","Fiber Crops","Cotton (Kapas)","Market Information","MAHARASHTRA","BEED","SHIRUR ( KA )","2019-01-31T14:47:07.04"
"0","AGRICULTURE","Others","Others","Government Schemes","MAHARASHTRA","BEED","AMBAJOGAI","2019-01-31T15:18:06"
"0","AGRICULTURE","Fiber Crops","Cotton (Kapas)","Market Information","MAHARASHTRA","BEED","SHIRUR ( KA )","2019-01-31T15:33:43.68"
"0","AGRICULTURE","Fiber Crops","Cotton (Kapas)","Market Information","MAHARASHTRA","BEED","SHIRUR ( KA )","2019-01-31T15:34:56.283"
"0","HORTICULTURE","Vegetables","Onion","Market Information","MAHARASHTRA","BEED","KAIJ","2019-01-31T15:36:50.32"
"0","AGRICULTURE","Others","Others","Government Schemes","MAHARASHTRA","BEED","AMBAJOGAI","2019-01-31T15:40:21.813"
"0","HORTICULTURE","Vegetables","Brinjal","	Plant Protection	","MAHARASHTRA","BEED","GEORAI","2019-01-31T16:35:34.953"
"0","AGRICULTURE","Others","Others","Government Schemes","MAHARASHTRA","BEED","GEORAI","2019-01-31T16:59:14.39"
"0","AGRICULTURE","Others","Others","Government Schemes","MAHARASHTRA","BEED","GEORAI","2019-01-31T16:59:46.713"
"0","HORTICULTURE","Vegetables","Chillies","	Plant Protection	","MAHARASHTRA","BEED","GEORAI","2019-01-31T18:21:47.863"
"0","AGRICULTURE","Oilseeds","Soybean (bhat)","Market Information","MAHARASHTRA","BEED","PATODA","2019-01-31T18:36:25.567"
"0","AGRICULTURE","Others","Others","Government Schemes","MAHARASHTRA","BEED","BEED","2019-01-31T18:43:00.457"
"0","HORTICULTURE","Vegetables","Onion","	Plant Protection	","MAHARASHTRA","BEED","GEORAI","2019-01-31T18:57:29.86"
"0","HORTICULTURE","Vegetables","Onion","Fertilizer Use and Availability","MAHARASHTRA","BEED","GEORAI","2019-01-31T19:06:51.097"
"0","AGRICULTURE","Others","Others","Government Schemes","MAHARASHTRA","BEED","PARALI  V .","2019-01-31T19:28:43.407"
"0","HORTICULTURE","Fruits","Lemon","	Plant Protection	","MAHARASHTRA","BEED","ASHTI","2019-01-31T20:01:41.067"
"0","AGRICULTURE","Millets","Pearl Millet (Bajra/Bulrush Millet/Spiked Millet)","	Plant Protection	","MAHARASHTRA","BEED","MAJALGAON","2019-01-31T20:20:06.673"
